ISO-10303-21;
HEADER;
FILE_DESCRIPTION(('Open CASCADE Model'),'2;1');
FILE_NAME('Open CASCADE Shape Model','2026-09-29T07:39:47',('Author'),(
    'Open CASCADE'),'Open CASCADE STEP processor 7.9','Open CASCADE 7.9'
  ,'Unknown');
FILE_SCHEMA(('AUTOMOTIVE_DESIGN { 1 0 10303 214 1 1 1 1 }'));
ENDSEC;
DATA;
#1 = APPLICATION_PROTOCOL_DEFINITION('international standard',
  'automotive_design',2000,#2);
#2 = APPLICATION_CONTEXT(
  'core data for automotive mechanical design processes');
#3 = SHAPE_DEFINITION_REPRESENTATION(#4,#10);
#4 = PRODUCT_DEFINITION_SHAPE('','',#5);
#5 = PRODUCT_DEFINITION('design','',#6,#9);
#6 = PRODUCT_DEFINITION_FORMATION('','',#7);
#7 = PRODUCT('gamma_station','gamma_station','',(#8));
#8 = PRODUCT_CONTEXT('',#2,'mechanical');
#9 = PRODUCT_DEFINITION_CONTEXT('part definition',#2,'design');
#10 = SHAPE_REPRESENTATION('',(#11,#15,#19,#23,#27,#31,#35,#39,#43,#47,
    #51),#55);
#11 = AXIS2_PLACEMENT_3D('',#12,#13,#14);
#12 = CARTESIAN_POINT('',(0.,0.,0.));
#13 = DIRECTION('',(0.,0.,1.));
#14 = DIRECTION('',(1.,0.,-0.));
#15 = AXIS2_PLACEMENT_3D('',#16,#17,#18);
#16 = CARTESIAN_POINT('',(0.,0.,0.));
#17 = DIRECTION('',(0.,0.,1.));
#18 = DIRECTION('',(1.,0.,-0.));
#19 = AXIS2_PLACEMENT_3D('',#20,#21,#22);
#20 = CARTESIAN_POINT('',(0.,0.,0.));
#21 = DIRECTION('',(0.,0.,1.));
#22 = DIRECTION('',(1.,0.,-0.));
#23 = AXIS2_PLACEMENT_3D('',#24,#25,#26);
#24 = CARTESIAN_POINT('',(0.,0.,0.));
#25 = DIRECTION('',(0.,0.,1.));
#26 = DIRECTION('',(1.,0.,-0.));
#27 = AXIS2_PLACEMENT_3D('',#28,#29,#30);
#28 = CARTESIAN_POINT('',(0.,0.,0.));
#29 = DIRECTION('',(0.,0.,1.));
#30 = DIRECTION('',(1.,0.,-0.));
#31 = AXIS2_PLACEMENT_3D('',#32,#33,#34);
#32 = CARTESIAN_POINT('',(0.,0.,0.));
#33 = DIRECTION('',(0.,0.,1.));
#34 = DIRECTION('',(1.,0.,-0.));
#35 = AXIS2_PLACEMENT_3D('',#36,#37,#38);
#36 = CARTESIAN_POINT('',(0.,0.,0.));
#37 = DIRECTION('',(0.,0.,1.));
#38 = DIRECTION('',(1.,0.,-0.));
#39 = AXIS2_PLACEMENT_3D('',#40,#41,#42);
#40 = CARTESIAN_POINT('',(0.,0.,0.));
#41 = DIRECTION('',(0.,0.,1.));
#42 = DIRECTION('',(1.,0.,-0.));
#43 = AXIS2_PLACEMENT_3D('',#44,#45,#46);
#44 = CARTESIAN_POINT('',(0.,0.,0.));
#45 = DIRECTION('',(0.,0.,1.));
#46 = DIRECTION('',(1.,0.,-0.));
#47 = AXIS2_PLACEMENT_3D('',#48,#49,#50);
#48 = CARTESIAN_POINT('',(0.,0.,0.));
#49 = DIRECTION('',(0.,0.,1.));
#50 = DIRECTION('',(1.,0.,-0.));
#51 = AXIS2_PLACEMENT_3D('',#52,#53,#54);
#52 = CARTESIAN_POINT('',(0.,0.,0.));
#53 = DIRECTION('',(0.,0.,1.));
#54 = DIRECTION('',(1.,0.,-0.));
#55 = ( GEOMETRIC_REPRESENTATION_CONTEXT(3) 
GLOBAL_UNCERTAINTY_ASSIGNED_CONTEXT((#59)) GLOBAL_UNIT_ASSIGNED_CONTEXT(
(#56,#57,#58)) REPRESENTATION_CONTEXT('Context #1',
  '3D Context with UNIT and UNCERTAINTY') );
#56 = ( LENGTH_UNIT() NAMED_UNIT(*) SI_UNIT(.MILLI.,.METRE.) );
#57 = ( NAMED_UNIT(*) PLANE_ANGLE_UNIT() SI_UNIT($,.RADIAN.) );
#58 = ( NAMED_UNIT(*) SI_UNIT($,.STERADIAN.) SOLID_ANGLE_UNIT() );
#59 = UNCERTAINTY_MEASURE_WITH_UNIT(LENGTH_MEASURE(1.E-07),#56,
  'distance_accuracy_value','confusion accuracy');
#60 = PRODUCT_RELATED_PRODUCT_CATEGORY('part',$,(#7));
#61 = SHAPE_DEFINITION_REPRESENTATION(#62,#68);
#62 = PRODUCT_DEFINITION_SHAPE('','',#63);
#63 = PRODUCT_DEFINITION('design','',#64,#67);
#64 = PRODUCT_DEFINITION_FORMATION('','',#65);
#65 = PRODUCT('NaI_well_8x8in','NaI_well_8x8in','',(#66));
#66 = PRODUCT_CONTEXT('',#2,'mechanical');
#67 = PRODUCT_DEFINITION_CONTEXT('part definition',#2,'design');
#68 = ADVANCED_BREP_SHAPE_REPRESENTATION('',(#11,#69),#261);
#69 = MANIFOLD_SOLID_BREP('',#70);
#70 = CLOSED_SHELL('',(#71,#159,#163,#202,#257));
#71 = ADVANCED_FACE('',(#72),#86,.T.);
#72 = FACE_BOUND('',#73,.F.);
#73 = EDGE_LOOP('',(#74,#104,#131,#132));
#74 = ORIENTED_EDGE('',*,*,#75,.T.);
#75 = EDGE_CURVE('',#76,#78,#80,.T.);
#76 = VERTEX_POINT('',#77);
#77 = CARTESIAN_POINT('',(101.6,0.,-101.6));
#78 = VERTEX_POINT('',#79);
#79 = CARTESIAN_POINT('',(101.6,0.,101.6));
#80 = SEAM_CURVE('',#81,(#85,#97),.PCURVE_S1.);
#81 = LINE('',#82,#83);
#82 = CARTESIAN_POINT('',(101.6,0.,-101.6));
#83 = VECTOR('',#84,1.);
#84 = DIRECTION('',(0.,0.,1.));
#85 = PCURVE('',#86,#91);
#86 = CYLINDRICAL_SURFACE('',#87,101.6);
#87 = AXIS2_PLACEMENT_3D('',#88,#89,#90);
#88 = CARTESIAN_POINT('',(0.,0.,-101.6));
#89 = DIRECTION('',(-0.,-0.,-1.));
#90 = DIRECTION('',(1.,0.,0.));
#91 = DEFINITIONAL_REPRESENTATION('',(#92),#96);
#92 = LINE('',#93,#94);
#93 = CARTESIAN_POINT('',(-0.,0.));
#94 = VECTOR('',#95,1.);
#95 = DIRECTION('',(-0.,-1.));
#96 = ( GEOMETRIC_REPRESENTATION_CONTEXT(2) 
PARAMETRIC_REPRESENTATION_CONTEXT() REPRESENTATION_CONTEXT('2D SPACE',''
  ) );
#97 = PCURVE('',#86,#98);
#98 = DEFINITIONAL_REPRESENTATION('',(#99),#103);
#99 = LINE('',#100,#101);
#100 = CARTESIAN_POINT('',(-6.28318530718,0.));
#101 = VECTOR('',#102,1.);
#102 = DIRECTION('',(-0.,-1.));
#103 = ( GEOMETRIC_REPRESENTATION_CONTEXT(2) 
PARAMETRIC_REPRESENTATION_CONTEXT() REPRESENTATION_CONTEXT('2D SPACE',''
  ) );
#104 = ORIENTED_EDGE('',*,*,#105,.T.);
#105 = EDGE_CURVE('',#78,#78,#106,.T.);
#106 = SURFACE_CURVE('',#107,(#112,#119),.PCURVE_S1.);
#107 = CIRCLE('',#108,101.6);
#108 = AXIS2_PLACEMENT_3D('',#109,#110,#111);
#109 = CARTESIAN_POINT('',(0.,0.,101.6));
#110 = DIRECTION('',(0.,0.,1.));
#111 = DIRECTION('',(1.,0.,0.));
#112 = PCURVE('',#86,#113);
#113 = DEFINITIONAL_REPRESENTATION('',(#114),#118);
#114 = LINE('',#115,#116);
#115 = CARTESIAN_POINT('',(-0.,-203.2));
#116 = VECTOR('',#117,1.);
#117 = DIRECTION('',(-1.,0.));
#118 = ( GEOMETRIC_REPRESENTATION_CONTEXT(2) 
PARAMETRIC_REPRESENTATION_CONTEXT() REPRESENTATION_CONTEXT('2D SPACE',''
  ) );
#119 = PCURVE('',#120,#125);
#120 = PLANE('',#121);
#121 = AXIS2_PLACEMENT_3D('',#122,#123,#124);
#122 = CARTESIAN_POINT('',(0.,9.634603283663E-15,101.6));
#123 = DIRECTION('',(0.,0.,1.));
#124 = DIRECTION('',(1.,0.,-0.));
#125 = DEFINITIONAL_REPRESENTATION('',(#126),#130);
#126 = CIRCLE('',#127,101.6);
#127 = AXIS2_PLACEMENT_2D('',#128,#129);
#128 = CARTESIAN_POINT('',(0.,-9.634603283663E-15));
#129 = DIRECTION('',(1.,0.));
#130 = ( GEOMETRIC_REPRESENTATION_CONTEXT(2) 
PARAMETRIC_REPRESENTATION_CONTEXT() REPRESENTATION_CONTEXT('2D SPACE',''
  ) );
#131 = ORIENTED_EDGE('',*,*,#75,.F.);
#132 = ORIENTED_EDGE('',*,*,#133,.F.);
#133 = EDGE_CURVE('',#76,#76,#134,.T.);
#134 = SURFACE_CURVE('',#135,(#140,#147),.PCURVE_S1.);
#135 = CIRCLE('',#136,101.6);
#136 = AXIS2_PLACEMENT_3D('',#137,#138,#139);
#137 = CARTESIAN_POINT('',(0.,0.,-101.6));
#138 = DIRECTION('',(0.,0.,1.));
#139 = DIRECTION('',(1.,0.,0.));
#140 = PCURVE('',#86,#141);
#141 = DEFINITIONAL_REPRESENTATION('',(#142),#146);
#142 = LINE('',#143,#144);
#143 = CARTESIAN_POINT('',(-0.,0.));
#144 = VECTOR('',#145,1.);
#145 = DIRECTION('',(-1.,0.));
#146 = ( GEOMETRIC_REPRESENTATION_CONTEXT(2) 
PARAMETRIC_REPRESENTATION_CONTEXT() REPRESENTATION_CONTEXT('2D SPACE',''
  ) );
#147 = PCURVE('',#148,#153);
#148 = PLANE('',#149);
#149 = AXIS2_PLACEMENT_3D('',#150,#151,#152);
#150 = CARTESIAN_POINT('',(0.,9.634603283663E-15,-101.6));
#151 = DIRECTION('',(0.,0.,1.));
#152 = DIRECTION('',(1.,0.,-0.));
#153 = DEFINITIONAL_REPRESENTATION('',(#154),#158);
#154 = CIRCLE('',#155,101.6);
#155 = AXIS2_PLACEMENT_2D('',#156,#157);
#156 = CARTESIAN_POINT('',(0.,-9.634603283663E-15));
#157 = DIRECTION('',(1.,0.));
#158 = ( GEOMETRIC_REPRESENTATION_CONTEXT(2) 
PARAMETRIC_REPRESENTATION_CONTEXT() REPRESENTATION_CONTEXT('2D SPACE',''
  ) );
#159 = ADVANCED_FACE('',(#160),#148,.F.);
#160 = FACE_BOUND('',#161,.F.);
#161 = EDGE_LOOP('',(#162));
#162 = ORIENTED_EDGE('',*,*,#133,.T.);
#163 = ADVANCED_FACE('',(#164,#167),#120,.T.);
#164 = FACE_BOUND('',#165,.T.);
#165 = EDGE_LOOP('',(#166));
#166 = ORIENTED_EDGE('',*,*,#105,.T.);
#167 = FACE_BOUND('',#168,.T.);
#168 = EDGE_LOOP('',(#169));
#169 = ORIENTED_EDGE('',*,*,#170,.T.);
#170 = EDGE_CURVE('',#171,#171,#173,.T.);
#171 = VERTEX_POINT('',#172);
#172 = CARTESIAN_POINT('',(30.,0.,101.6));
#173 = SURFACE_CURVE('',#174,(#179,#190),.PCURVE_S1.);
#174 = CIRCLE('',#175,30.);
#175 = AXIS2_PLACEMENT_3D('',#176,#177,#178);
#176 = CARTESIAN_POINT('',(0.,0.,101.6));
#177 = DIRECTION('',(0.,0.,-1.));
#178 = DIRECTION('',(1.,0.,0.));
#179 = PCURVE('',#120,#180);
#180 = DEFINITIONAL_REPRESENTATION('',(#181),#189);
#181 = ( BOUNDED_CURVE() B_SPLINE_CURVE(2,(#182,#183,#184,#185,#186,#187
,#188),.UNSPECIFIED.,.T.,.F.) B_SPLINE_CURVE_WITH_KNOTS((1,2,2,2,2,1),(
    -2.094395102393,0.,2.094395102393,4.188790204786,6.28318530718,
8.377580409573),.UNSPECIFIED.) CURVE() GEOMETRIC_REPRESENTATION_ITEM() 
RATIONAL_B_SPLINE_CURVE((1.,0.5,1.,0.5,1.,0.5,1.)) REPRESENTATION_ITEM(
  '') );
#182 = CARTESIAN_POINT('',(30.,-9.634603283663E-15));
#183 = CARTESIAN_POINT('',(30.,-51.96152422706));
#184 = CARTESIAN_POINT('',(-15.,-25.98076211353));
#185 = CARTESIAN_POINT('',(-60.,-1.698248407855E-14));
#186 = CARTESIAN_POINT('',(-15.,25.980762113533));
#187 = CARTESIAN_POINT('',(30.,51.961524227066));
#188 = CARTESIAN_POINT('',(30.,-9.634603283663E-15));
#189 = ( GEOMETRIC_REPRESENTATION_CONTEXT(2) 
PARAMETRIC_REPRESENTATION_CONTEXT() REPRESENTATION_CONTEXT('2D SPACE',''
  ) );
#190 = PCURVE('',#191,#196);
#191 = CYLINDRICAL_SURFACE('',#192,30.);
#192 = AXIS2_PLACEMENT_3D('',#193,#194,#195);
#193 = CARTESIAN_POINT('',(0.,0.,-38.4));
#194 = DIRECTION('',(-0.,-0.,-1.));
#195 = DIRECTION('',(1.,0.,0.));
#196 = DEFINITIONAL_REPRESENTATION('',(#197),#201);
#197 = LINE('',#198,#199);
#198 = CARTESIAN_POINT('',(-6.28318530718,-140.));
#199 = VECTOR('',#200,1.);
#200 = DIRECTION('',(1.,-0.));
#201 = ( GEOMETRIC_REPRESENTATION_CONTEXT(2) 
PARAMETRIC_REPRESENTATION_CONTEXT() REPRESENTATION_CONTEXT('2D SPACE',''
  ) );
#202 = ADVANCED_FACE('',(#203),#191,.F.);
#203 = FACE_BOUND('',#204,.T.);
#204 = EDGE_LOOP('',(#205,#234,#255,#256));
#205 = ORIENTED_EDGE('',*,*,#206,.F.);
#206 = EDGE_CURVE('',#207,#207,#209,.T.);
#207 = VERTEX_POINT('',#208);
#208 = CARTESIAN_POINT('',(30.,0.,-38.4));
#209 = SURFACE_CURVE('',#210,(#215,#222),.PCURVE_S1.);
#210 = CIRCLE('',#211,30.);
#211 = AXIS2_PLACEMENT_3D('',#212,#213,#214);
#212 = CARTESIAN_POINT('',(0.,0.,-38.4));
#213 = DIRECTION('',(0.,0.,1.));
#214 = DIRECTION('',(1.,0.,0.));
#215 = PCURVE('',#191,#216);
#216 = DEFINITIONAL_REPRESENTATION('',(#217),#221);
#217 = LINE('',#218,#219);
#218 = CARTESIAN_POINT('',(-0.,0.));
#219 = VECTOR('',#220,1.);
#220 = DIRECTION('',(-1.,0.));
#221 = ( GEOMETRIC_REPRESENTATION_CONTEXT(2) 
PARAMETRIC_REPRESENTATION_CONTEXT() REPRESENTATION_CONTEXT('2D SPACE',''
  ) );
#222 = PCURVE('',#223,#228);
#223 = PLANE('',#224);
#224 = AXIS2_PLACEMENT_3D('',#225,#226,#227);
#225 = CARTESIAN_POINT('',(-1.458602808042E-15,2.339560088947E-16,-38.4)
  );
#226 = DIRECTION('',(0.,0.,1.));
#227 = DIRECTION('',(1.,0.,-0.));
#228 = DEFINITIONAL_REPRESENTATION('',(#229),#233);
#229 = CIRCLE('',#230,30.);
#230 = AXIS2_PLACEMENT_2D('',#231,#232);
#231 = CARTESIAN_POINT('',(1.458602808042E-15,-2.339560088947E-16));
#232 = DIRECTION('',(1.,0.));
#233 = ( GEOMETRIC_REPRESENTATION_CONTEXT(2) 
PARAMETRIC_REPRESENTATION_CONTEXT() REPRESENTATION_CONTEXT('2D SPACE',''
  ) );
#234 = ORIENTED_EDGE('',*,*,#235,.T.);
#235 = EDGE_CURVE('',#207,#171,#236,.T.);
#236 = SEAM_CURVE('',#237,(#241,#248),.PCURVE_S1.);
#237 = LINE('',#238,#239);
#238 = CARTESIAN_POINT('',(30.,0.,-38.4));
#239 = VECTOR('',#240,1.);
#240 = DIRECTION('',(0.,0.,1.));
#241 = PCURVE('',#191,#242);
#242 = DEFINITIONAL_REPRESENTATION('',(#243),#247);
#243 = LINE('',#244,#245);
#244 = CARTESIAN_POINT('',(-6.28318530718,0.));
#245 = VECTOR('',#246,1.);
#246 = DIRECTION('',(-0.,-1.));
#247 = ( GEOMETRIC_REPRESENTATION_CONTEXT(2) 
PARAMETRIC_REPRESENTATION_CONTEXT() REPRESENTATION_CONTEXT('2D SPACE',''
  ) );
#248 = PCURVE('',#191,#249);
#249 = DEFINITIONAL_REPRESENTATION('',(#250),#254);
#250 = LINE('',#251,#252);
#251 = CARTESIAN_POINT('',(-0.,0.));
#252 = VECTOR('',#253,1.);
#253 = DIRECTION('',(-0.,-1.));
#254 = ( GEOMETRIC_REPRESENTATION_CONTEXT(2) 
PARAMETRIC_REPRESENTATION_CONTEXT() REPRESENTATION_CONTEXT('2D SPACE',''
  ) );
#255 = ORIENTED_EDGE('',*,*,#170,.F.);
#256 = ORIENTED_EDGE('',*,*,#235,.F.);
#257 = ADVANCED_FACE('',(#258),#223,.T.);
#258 = FACE_BOUND('',#259,.T.);
#259 = EDGE_LOOP('',(#260));
#260 = ORIENTED_EDGE('',*,*,#206,.T.);
#261 = ( GEOMETRIC_REPRESENTATION_CONTEXT(3) 
GLOBAL_UNCERTAINTY_ASSIGNED_CONTEXT((#265)) GLOBAL_UNIT_ASSIGNED_CONTEXT
((#262,#263,#264)) REPRESENTATION_CONTEXT('Context #1',
  '3D Context with UNIT and UNCERTAINTY') );
#262 = ( LENGTH_UNIT() NAMED_UNIT(*) SI_UNIT(.MILLI.,.METRE.) );
#263 = ( NAMED_UNIT(*) PLANE_ANGLE_UNIT() SI_UNIT($,.RADIAN.) );
#264 = ( NAMED_UNIT(*) SI_UNIT($,.STERADIAN.) SOLID_ANGLE_UNIT() );
#265 = UNCERTAINTY_MEASURE_WITH_UNIT(LENGTH_MEASURE(1.E-07),#262,
  'distance_accuracy_value','confusion accuracy');
#266 = CONTEXT_DEPENDENT_SHAPE_REPRESENTATION(#267,#269);
#267 = ( REPRESENTATION_RELATIONSHIP('','',#68,#10) 
REPRESENTATION_RELATIONSHIP_WITH_TRANSFORMATION(#268) 
SHAPE_REPRESENTATION_RELATIONSHIP() );
#268 = ITEM_DEFINED_TRANSFORMATION('','',#11,#15);
#269 = PRODUCT_DEFINITION_SHAPE('Placement','Placement of an item',#270
  );
#270 = NEXT_ASSEMBLY_USAGE_OCCURRENCE('323','NaI_well_8x8in','',#5,#63,$
  );
#271 = PRODUCT_RELATED_PRODUCT_CATEGORY('part',$,(#65));
#272 = SHAPE_DEFINITION_REPRESENTATION(#273,#279);
#273 = PRODUCT_DEFINITION_SHAPE('','',#274);
#274 = PRODUCT_DEFINITION('design','',#275,#278);
#275 = PRODUCT_DEFINITION_FORMATION('','',#276);
#276 = PRODUCT('NaI_Al_can','NaI_Al_can','',(#277));
#277 = PRODUCT_CONTEXT('',#2,'mechanical');
#278 = PRODUCT_DEFINITION_CONTEXT('part definition',#2,'design');
#279 = ADVANCED_BREP_SHAPE_REPRESENTATION('',(#11,#280),#472);
#280 = MANIFOLD_SOLID_BREP('',#281);
#281 = CLOSED_SHELL('',(#282,#370,#405,#464,#468));
#282 = ADVANCED_FACE('',(#283),#296,.T.);
#283 = FACE_BOUND('',#284,.F.);
#284 = EDGE_LOOP('',(#285,#319,#342,#369));
#285 = ORIENTED_EDGE('',*,*,#286,.F.);
#286 = EDGE_CURVE('',#287,#287,#289,.T.);
#287 = VERTEX_POINT('',#288);
#288 = CARTESIAN_POINT('',(104.6,0.,-104.6));
#289 = SURFACE_CURVE('',#290,(#295,#307),.PCURVE_S1.);
#290 = CIRCLE('',#291,104.6);
#291 = AXIS2_PLACEMENT_3D('',#292,#293,#294);
#292 = CARTESIAN_POINT('',(0.,0.,-104.6));
#293 = DIRECTION('',(0.,0.,1.));
#294 = DIRECTION('',(1.,0.,0.));
#295 = PCURVE('',#296,#301);
#296 = CYLINDRICAL_SURFACE('',#297,104.6);
#297 = AXIS2_PLACEMENT_3D('',#298,#299,#300);
#298 = CARTESIAN_POINT('',(0.,0.,-104.6));
#299 = DIRECTION('',(-0.,-0.,-1.));
#300 = DIRECTION('',(1.,0.,0.));
#301 = DEFINITIONAL_REPRESENTATION('',(#302),#306);
#302 = LINE('',#303,#304);
#303 = CARTESIAN_POINT('',(-0.,0.));
#304 = VECTOR('',#305,1.);
#305 = DIRECTION('',(-1.,0.));
#306 = ( GEOMETRIC_REPRESENTATION_CONTEXT(2) 
PARAMETRIC_REPRESENTATION_CONTEXT() REPRESENTATION_CONTEXT('2D SPACE',''
  ) );
#307 = PCURVE('',#308,#313);
#308 = PLANE('',#309);
#309 = AXIS2_PLACEMENT_3D('',#310,#311,#312);
#310 = CARTESIAN_POINT('',(-3.346698603538E-15,1.58102564482E-14,-104.6)
  );
#311 = DIRECTION('',(0.,0.,1.));
#312 = DIRECTION('',(1.,0.,-0.));
#313 = DEFINITIONAL_REPRESENTATION('',(#314),#318);
#314 = CIRCLE('',#315,104.6);
#315 = AXIS2_PLACEMENT_2D('',#316,#317);
#316 = CARTESIAN_POINT('',(3.346698603538E-15,-1.58102564482E-14));
#317 = DIRECTION('',(1.,0.));
#318 = ( GEOMETRIC_REPRESENTATION_CONTEXT(2) 
PARAMETRIC_REPRESENTATION_CONTEXT() REPRESENTATION_CONTEXT('2D SPACE',''
  ) );
#319 = ORIENTED_EDGE('',*,*,#320,.F.);
#320 = EDGE_CURVE('',#321,#287,#323,.T.);
#321 = VERTEX_POINT('',#322);
#322 = CARTESIAN_POINT('',(104.6,0.,101.6));
#323 = SEAM_CURVE('',#324,(#328,#335),.PCURVE_S1.);
#324 = LINE('',#325,#326);
#325 = CARTESIAN_POINT('',(104.6,0.,101.6));
#326 = VECTOR('',#327,1.);
#327 = DIRECTION('',(-6.891782112125E-17,0.,-1.));
#328 = PCURVE('',#296,#329);
#329 = DEFINITIONAL_REPRESENTATION('',(#330),#334);
#330 = LINE('',#331,#332);
#331 = CARTESIAN_POINT('',(-0.,-206.2));
#332 = VECTOR('',#333,1.);
#333 = DIRECTION('',(0.,1.));
#334 = ( GEOMETRIC_REPRESENTATION_CONTEXT(2) 
PARAMETRIC_REPRESENTATION_CONTEXT() REPRESENTATION_CONTEXT('2D SPACE',''
  ) );
#335 = PCURVE('',#296,#336);
#336 = DEFINITIONAL_REPRESENTATION('',(#337),#341);
#337 = LINE('',#338,#339);
#338 = CARTESIAN_POINT('',(-6.28318530718,-206.2));
#339 = VECTOR('',#340,1.);
#340 = DIRECTION('',(0.,1.));
#341 = ( GEOMETRIC_REPRESENTATION_CONTEXT(2) 
PARAMETRIC_REPRESENTATION_CONTEXT() REPRESENTATION_CONTEXT('2D SPACE',''
  ) );
#342 = ORIENTED_EDGE('',*,*,#343,.T.);
#343 = EDGE_CURVE('',#321,#321,#344,.T.);
#344 = SURFACE_CURVE('',#345,(#350,#357),.PCURVE_S1.);
#345 = CIRCLE('',#346,104.6);
#346 = AXIS2_PLACEMENT_3D('',#347,#348,#349);
#347 = CARTESIAN_POINT('',(0.,0.,101.6));
#348 = DIRECTION('',(0.,0.,1.));
#349 = DIRECTION('',(1.,0.,0.));
#350 = PCURVE('',#296,#351);
#351 = DEFINITIONAL_REPRESENTATION('',(#352),#356);
#352 = LINE('',#353,#354);
#353 = CARTESIAN_POINT('',(-0.,-206.2));
#354 = VECTOR('',#355,1.);
#355 = DIRECTION('',(-1.,0.));
#356 = ( GEOMETRIC_REPRESENTATION_CONTEXT(2) 
PARAMETRIC_REPRESENTATION_CONTEXT() REPRESENTATION_CONTEXT('2D SPACE',''
  ) );
#357 = PCURVE('',#358,#363);
#358 = PLANE('',#359);
#359 = AXIS2_PLACEMENT_3D('',#360,#361,#362);
#360 = CARTESIAN_POINT('',(-3.346698603538E-15,1.58102564482E-14,101.6)
  );
#361 = DIRECTION('',(0.,0.,1.));
#362 = DIRECTION('',(1.,0.,-0.));
#363 = DEFINITIONAL_REPRESENTATION('',(#364),#368);
#364 = CIRCLE('',#365,104.6);
#365 = AXIS2_PLACEMENT_2D('',#366,#367);
#366 = CARTESIAN_POINT('',(3.346698603538E-15,-1.58102564482E-14));
#367 = DIRECTION('',(1.,0.));
#368 = ( GEOMETRIC_REPRESENTATION_CONTEXT(2) 
PARAMETRIC_REPRESENTATION_CONTEXT() REPRESENTATION_CONTEXT('2D SPACE',''
  ) );
#369 = ORIENTED_EDGE('',*,*,#320,.T.);
#370 = ADVANCED_FACE('',(#371,#374),#358,.T.);
#371 = FACE_BOUND('',#372,.T.);
#372 = EDGE_LOOP('',(#373));
#373 = ORIENTED_EDGE('',*,*,#343,.T.);
#374 = FACE_BOUND('',#375,.T.);
#375 = EDGE_LOOP('',(#376));
#376 = ORIENTED_EDGE('',*,*,#377,.F.);
#377 = EDGE_CURVE('',#378,#378,#380,.T.);
#378 = VERTEX_POINT('',#379);
#379 = CARTESIAN_POINT('',(101.6,7.608105774869E-15,101.6));
#380 = SURFACE_CURVE('',#381,(#386,#393),.PCURVE_S1.);
#381 = CIRCLE('',#382,101.6);
#382 = AXIS2_PLACEMENT_3D('',#383,#384,#385);
#383 = CARTESIAN_POINT('',(4.9561374762E-13,7.608105774869E-15,101.6));
#384 = DIRECTION('',(0.,0.,1.));
#385 = DIRECTION('',(1.,0.,0.));
#386 = PCURVE('',#358,#387);
#387 = DEFINITIONAL_REPRESENTATION('',(#388),#392);
#388 = CIRCLE('',#389,101.6);
#389 = AXIS2_PLACEMENT_2D('',#390,#391);
#390 = CARTESIAN_POINT('',(4.989604462236E-13,-8.202150673333E-15));
#391 = DIRECTION('',(1.,0.));
#392 = ( GEOMETRIC_REPRESENTATION_CONTEXT(2) 
PARAMETRIC_REPRESENTATION_CONTEXT() REPRESENTATION_CONTEXT('2D SPACE',''
  ) );
#393 = PCURVE('',#394,#399);
#394 = CYLINDRICAL_SURFACE('',#395,101.6);
#395 = AXIS2_PLACEMENT_3D('',#396,#397,#398);
#396 = CARTESIAN_POINT('',(4.9561374762E-13,7.608105774869E-15,-104.6));
#397 = DIRECTION('',(-0.,-0.,-1.));
#398 = DIRECTION('',(1.,0.,0.));
#399 = DEFINITIONAL_REPRESENTATION('',(#400),#404);
#400 = LINE('',#401,#402);
#401 = CARTESIAN_POINT('',(-0.,-206.2));
#402 = VECTOR('',#403,1.);
#403 = DIRECTION('',(-1.,0.));
#404 = ( GEOMETRIC_REPRESENTATION_CONTEXT(2) 
PARAMETRIC_REPRESENTATION_CONTEXT() REPRESENTATION_CONTEXT('2D SPACE',''
  ) );
#405 = ADVANCED_FACE('',(#406),#394,.F.);
#406 = FACE_BOUND('',#407,.T.);
#407 = EDGE_LOOP('',(#408,#441,#462,#463));
#408 = ORIENTED_EDGE('',*,*,#409,.T.);
#409 = EDGE_CURVE('',#410,#410,#412,.T.);
#410 = VERTEX_POINT('',#411);
#411 = CARTESIAN_POINT('',(101.6,7.608105774869E-15,-101.6));
#412 = SURFACE_CURVE('',#413,(#418,#425),.PCURVE_S1.);
#413 = CIRCLE('',#414,101.6);
#414 = AXIS2_PLACEMENT_3D('',#415,#416,#417);
#415 = CARTESIAN_POINT('',(4.9561374762E-13,7.608105774869E-15,-101.6));
#416 = DIRECTION('',(0.,0.,-1.));
#417 = DIRECTION('',(1.,0.,0.));
#418 = PCURVE('',#394,#419);
#419 = DEFINITIONAL_REPRESENTATION('',(#420),#424);
#420 = LINE('',#421,#422);
#421 = CARTESIAN_POINT('',(-6.28318530718,-3.));
#422 = VECTOR('',#423,1.);
#423 = DIRECTION('',(1.,-0.));
#424 = ( GEOMETRIC_REPRESENTATION_CONTEXT(2) 
PARAMETRIC_REPRESENTATION_CONTEXT() REPRESENTATION_CONTEXT('2D SPACE',''
  ) );
#425 = PCURVE('',#426,#431);
#426 = PLANE('',#427);
#427 = AXIS2_PLACEMENT_3D('',#428,#429,#430);
#428 = CARTESIAN_POINT('',(-3.346698603538E-15,1.58102564482E-14,-101.6)
  );
#429 = DIRECTION('',(0.,0.,1.));
#430 = DIRECTION('',(1.,0.,-0.));
#431 = DEFINITIONAL_REPRESENTATION('',(#432),#440);
#432 = ( BOUNDED_CURVE() B_SPLINE_CURVE(2,(#433,#434,#435,#436,#437,#438
,#439),.UNSPECIFIED.,.T.,.F.) B_SPLINE_CURVE_WITH_KNOTS((1,2,2,2,2,1),(
    -2.094395102393,0.,2.094395102393,4.188790204786,6.28318530718,
8.377580409573),.UNSPECIFIED.) CURVE() GEOMETRIC_REPRESENTATION_ITEM() 
RATIONAL_B_SPLINE_CURVE((1.,0.5,1.,0.5,1.,0.5,1.)) REPRESENTATION_ITEM(
  '') );
#433 = CARTESIAN_POINT('',(101.6,-8.202150673333E-15));
#434 = CARTESIAN_POINT('',(101.6,-175.9763620489));
#435 = CARTESIAN_POINT('',(-50.79999999999,-87.98818102449));
#436 = CARTESIAN_POINT('',(-203.1999999999,-3.308697363201E-14));
#437 = CARTESIAN_POINT('',(-50.8,87.988181024499));
#438 = CARTESIAN_POINT('',(101.6,175.97636204899));
#439 = CARTESIAN_POINT('',(101.6,-8.202150673333E-15));
#440 = ( GEOMETRIC_REPRESENTATION_CONTEXT(2) 
PARAMETRIC_REPRESENTATION_CONTEXT() REPRESENTATION_CONTEXT('2D SPACE',''
  ) );
#441 = ORIENTED_EDGE('',*,*,#442,.T.);
#442 = EDGE_CURVE('',#410,#378,#443,.T.);
#443 = SEAM_CURVE('',#444,(#448,#455),.PCURVE_S1.);
#444 = LINE('',#445,#446);
#445 = CARTESIAN_POINT('',(101.6,7.608105774869E-15,-104.6));
#446 = VECTOR('',#447,1.);
#447 = DIRECTION('',(0.,0.,1.));
#448 = PCURVE('',#394,#449);
#449 = DEFINITIONAL_REPRESENTATION('',(#450),#454);
#450 = LINE('',#451,#452);
#451 = CARTESIAN_POINT('',(-6.28318530718,0.));
#452 = VECTOR('',#453,1.);
#453 = DIRECTION('',(-0.,-1.));
#454 = ( GEOMETRIC_REPRESENTATION_CONTEXT(2) 
PARAMETRIC_REPRESENTATION_CONTEXT() REPRESENTATION_CONTEXT('2D SPACE',''
  ) );
#455 = PCURVE('',#394,#456);
#456 = DEFINITIONAL_REPRESENTATION('',(#457),#461);
#457 = LINE('',#458,#459);
#458 = CARTESIAN_POINT('',(-0.,0.));
#459 = VECTOR('',#460,1.);
#460 = DIRECTION('',(-0.,-1.));
#461 = ( GEOMETRIC_REPRESENTATION_CONTEXT(2) 
PARAMETRIC_REPRESENTATION_CONTEXT() REPRESENTATION_CONTEXT('2D SPACE',''
  ) );
#462 = ORIENTED_EDGE('',*,*,#377,.T.);
#463 = ORIENTED_EDGE('',*,*,#442,.F.);
#464 = ADVANCED_FACE('',(#465),#426,.T.);
#465 = FACE_BOUND('',#466,.T.);
#466 = EDGE_LOOP('',(#467));
#467 = ORIENTED_EDGE('',*,*,#409,.F.);
#468 = ADVANCED_FACE('',(#469),#308,.F.);
#469 = FACE_BOUND('',#470,.F.);
#470 = EDGE_LOOP('',(#471));
#471 = ORIENTED_EDGE('',*,*,#286,.T.);
#472 = ( GEOMETRIC_REPRESENTATION_CONTEXT(3) 
GLOBAL_UNCERTAINTY_ASSIGNED_CONTEXT((#476)) GLOBAL_UNIT_ASSIGNED_CONTEXT
((#473,#474,#475)) REPRESENTATION_CONTEXT('Context #1',
  '3D Context with UNIT and UNCERTAINTY') );
#473 = ( LENGTH_UNIT() NAMED_UNIT(*) SI_UNIT(.MILLI.,.METRE.) );
#474 = ( NAMED_UNIT(*) PLANE_ANGLE_UNIT() SI_UNIT($,.RADIAN.) );
#475 = ( NAMED_UNIT(*) SI_UNIT($,.STERADIAN.) SOLID_ANGLE_UNIT() );
#476 = UNCERTAINTY_MEASURE_WITH_UNIT(LENGTH_MEASURE(1.E-07),#473,
  'distance_accuracy_value','confusion accuracy');
#477 = CONTEXT_DEPENDENT_SHAPE_REPRESENTATION(#478,#480);
#478 = ( REPRESENTATION_RELATIONSHIP('','',#279,#10) 
REPRESENTATION_RELATIONSHIP_WITH_TRANSFORMATION(#479) 
SHAPE_REPRESENTATION_RELATIONSHIP() );
#479 = ITEM_DEFINED_TRANSFORMATION('','',#11,#19);
#480 = PRODUCT_DEFINITION_SHAPE('Placement','Placement of an item',#481
  );
#481 = NEXT_ASSEMBLY_USAGE_OCCURRENCE('324','NaI_Al_can','',#5,#274,$);
#482 = PRODUCT_RELATED_PRODUCT_CATEGORY('part',$,(#276));
#483 = SHAPE_DEFINITION_REPRESENTATION(#484,#490);
#484 = PRODUCT_DEFINITION_SHAPE('','',#485);
#485 = PRODUCT_DEFINITION('design','',#486,#489);
#486 = PRODUCT_DEFINITION_FORMATION('','',#487);
#487 = PRODUCT('PMT_3in','PMT_3in','',(#488));
#488 = PRODUCT_CONTEXT('',#2,'mechanical');
#489 = PRODUCT_DEFINITION_CONTEXT('part definition',#2,'design');
#490 = ADVANCED_BREP_SHAPE_REPRESENTATION('',(#11,#491),#589);
#491 = MANIFOLD_SOLID_BREP('',#492);
#492 = CLOSED_SHELL('',(#493,#581,#585));
#493 = ADVANCED_FACE('',(#494),#508,.T.);
#494 = FACE_BOUND('',#495,.F.);
#495 = EDGE_LOOP('',(#496,#526,#553,#554));
#496 = ORIENTED_EDGE('',*,*,#497,.T.);
#497 = EDGE_CURVE('',#498,#500,#502,.T.);
#498 = VERTEX_POINT('',#499);
#499 = CARTESIAN_POINT('',(38.,0.,-284.6));
#500 = VERTEX_POINT('',#501);
#501 = CARTESIAN_POINT('',(38.,0.,-104.6));
#502 = SEAM_CURVE('',#503,(#507,#519),.PCURVE_S1.);
#503 = LINE('',#504,#505);
#504 = CARTESIAN_POINT('',(38.,0.,-284.6));
#505 = VECTOR('',#506,1.);
#506 = DIRECTION('',(0.,0.,1.));
#507 = PCURVE('',#508,#513);
#508 = CYLINDRICAL_SURFACE('',#509,38.);
#509 = AXIS2_PLACEMENT_3D('',#510,#511,#512);
#510 = CARTESIAN_POINT('',(0.,0.,-284.6));
#511 = DIRECTION('',(-0.,-0.,-1.));
#512 = DIRECTION('',(1.,0.,0.));
#513 = DEFINITIONAL_REPRESENTATION('',(#514),#518);
#514 = LINE('',#515,#516);
#515 = CARTESIAN_POINT('',(-0.,0.));
#516 = VECTOR('',#517,1.);
#517 = DIRECTION('',(-0.,-1.));
#518 = ( GEOMETRIC_REPRESENTATION_CONTEXT(2) 
PARAMETRIC_REPRESENTATION_CONTEXT() REPRESENTATION_CONTEXT('2D SPACE',''
  ) );
#519 = PCURVE('',#508,#520);
#520 = DEFINITIONAL_REPRESENTATION('',(#521),#525);
#521 = LINE('',#522,#523);
#522 = CARTESIAN_POINT('',(-6.28318530718,0.));
#523 = VECTOR('',#524,1.);
#524 = DIRECTION('',(-0.,-1.));
#525 = ( GEOMETRIC_REPRESENTATION_CONTEXT(2) 
PARAMETRIC_REPRESENTATION_CONTEXT() REPRESENTATION_CONTEXT('2D SPACE',''
  ) );
#526 = ORIENTED_EDGE('',*,*,#527,.T.);
#527 = EDGE_CURVE('',#500,#500,#528,.T.);
#528 = SURFACE_CURVE('',#529,(#534,#541),.PCURVE_S1.);
#529 = CIRCLE('',#530,38.);
#530 = AXIS2_PLACEMENT_3D('',#531,#532,#533);
#531 = CARTESIAN_POINT('',(0.,0.,-104.6));
#532 = DIRECTION('',(0.,0.,1.));
#533 = DIRECTION('',(1.,0.,0.));
#534 = PCURVE('',#508,#535);
#535 = DEFINITIONAL_REPRESENTATION('',(#536),#540);
#536 = LINE('',#537,#538);
#537 = CARTESIAN_POINT('',(-0.,-180.));
#538 = VECTOR('',#539,1.);
#539 = DIRECTION('',(-1.,0.));
#540 = ( GEOMETRIC_REPRESENTATION_CONTEXT(2) 
PARAMETRIC_REPRESENTATION_CONTEXT() REPRESENTATION_CONTEXT('2D SPACE',''
  ) );
#541 = PCURVE('',#542,#547);
#542 = PLANE('',#543);
#543 = AXIS2_PLACEMENT_3D('',#544,#545,#546);
#544 = CARTESIAN_POINT('',(-3.454585597994E-15,7.518377864096E-16,-104.6
    ));
#545 = DIRECTION('',(0.,0.,1.));
#546 = DIRECTION('',(1.,0.,-0.));
#547 = DEFINITIONAL_REPRESENTATION('',(#548),#552);
#548 = CIRCLE('',#549,38.);
#549 = AXIS2_PLACEMENT_2D('',#550,#551);
#550 = CARTESIAN_POINT('',(3.454585597994E-15,-7.518377864096E-16));
#551 = DIRECTION('',(1.,0.));
#552 = ( GEOMETRIC_REPRESENTATION_CONTEXT(2) 
PARAMETRIC_REPRESENTATION_CONTEXT() REPRESENTATION_CONTEXT('2D SPACE',''
  ) );
#553 = ORIENTED_EDGE('',*,*,#497,.F.);
#554 = ORIENTED_EDGE('',*,*,#555,.F.);
#555 = EDGE_CURVE('',#498,#498,#556,.T.);
#556 = SURFACE_CURVE('',#557,(#562,#569),.PCURVE_S1.);
#557 = CIRCLE('',#558,38.);
#558 = AXIS2_PLACEMENT_3D('',#559,#560,#561);
#559 = CARTESIAN_POINT('',(0.,0.,-284.6));
#560 = DIRECTION('',(0.,0.,1.));
#561 = DIRECTION('',(1.,0.,0.));
#562 = PCURVE('',#508,#563);
#563 = DEFINITIONAL_REPRESENTATION('',(#564),#568);
#564 = LINE('',#565,#566);
#565 = CARTESIAN_POINT('',(-0.,0.));
#566 = VECTOR('',#567,1.);
#567 = DIRECTION('',(-1.,0.));
#568 = ( GEOMETRIC_REPRESENTATION_CONTEXT(2) 
PARAMETRIC_REPRESENTATION_CONTEXT() REPRESENTATION_CONTEXT('2D SPACE',''
  ) );
#569 = PCURVE('',#570,#575);
#570 = PLANE('',#571);
#571 = AXIS2_PLACEMENT_3D('',#572,#573,#574);
#572 = CARTESIAN_POINT('',(-3.454585597994E-15,7.518377864096E-16,-284.6
    ));
#573 = DIRECTION('',(0.,0.,1.));
#574 = DIRECTION('',(1.,0.,-0.));
#575 = DEFINITIONAL_REPRESENTATION('',(#576),#580);
#576 = CIRCLE('',#577,38.);
#577 = AXIS2_PLACEMENT_2D('',#578,#579);
#578 = CARTESIAN_POINT('',(3.454585597994E-15,-7.518377864096E-16));
#579 = DIRECTION('',(1.,0.));
#580 = ( GEOMETRIC_REPRESENTATION_CONTEXT(2) 
PARAMETRIC_REPRESENTATION_CONTEXT() REPRESENTATION_CONTEXT('2D SPACE',''
  ) );
#581 = ADVANCED_FACE('',(#582),#570,.F.);
#582 = FACE_BOUND('',#583,.F.);
#583 = EDGE_LOOP('',(#584));
#584 = ORIENTED_EDGE('',*,*,#555,.T.);
#585 = ADVANCED_FACE('',(#586),#542,.T.);
#586 = FACE_BOUND('',#587,.T.);
#587 = EDGE_LOOP('',(#588));
#588 = ORIENTED_EDGE('',*,*,#527,.T.);
#589 = ( GEOMETRIC_REPRESENTATION_CONTEXT(3) 
GLOBAL_UNCERTAINTY_ASSIGNED_CONTEXT((#593)) GLOBAL_UNIT_ASSIGNED_CONTEXT
((#590,#591,#592)) REPRESENTATION_CONTEXT('Context #1',
  '3D Context with UNIT and UNCERTAINTY') );
#590 = ( LENGTH_UNIT() NAMED_UNIT(*) SI_UNIT(.MILLI.,.METRE.) );
#591 = ( NAMED_UNIT(*) PLANE_ANGLE_UNIT() SI_UNIT($,.RADIAN.) );
#592 = ( NAMED_UNIT(*) SI_UNIT($,.STERADIAN.) SOLID_ANGLE_UNIT() );
#593 = UNCERTAINTY_MEASURE_WITH_UNIT(LENGTH_MEASURE(1.E-07),#590,
  'distance_accuracy_value','confusion accuracy');
#594 = CONTEXT_DEPENDENT_SHAPE_REPRESENTATION(#595,#597);
#595 = ( REPRESENTATION_RELATIONSHIP('','',#490,#10) 
REPRESENTATION_RELATIONSHIP_WITH_TRANSFORMATION(#596) 
SHAPE_REPRESENTATION_RELATIONSHIP() );
#596 = ITEM_DEFINED_TRANSFORMATION('','',#11,#23);
#597 = PRODUCT_DEFINITION_SHAPE('Placement','Placement of an item',#598
  );
#598 = NEXT_ASSEMBLY_USAGE_OCCURRENCE('325','PMT_3in','',#5,#485,$);
#599 = PRODUCT_RELATED_PRODUCT_CATEGORY('part',$,(#487));
#600 = SHAPE_DEFINITION_REPRESENTATION(#601,#607);
#601 = PRODUCT_DEFINITION_SHAPE('','',#602);
#602 = PRODUCT_DEFINITION('design','',#603,#606);
#603 = PRODUCT_DEFINITION_FORMATION('','',#604);
#604 = PRODUCT('mini_permeation_cell','mini_permeation_cell','',(#605));
#605 = PRODUCT_CONTEXT('',#2,'mechanical');
#606 = PRODUCT_DEFINITION_CONTEXT('part definition',#2,'design');
#607 = ADVANCED_BREP_SHAPE_REPRESENTATION('',(#11,#608),#796);
#608 = MANIFOLD_SOLID_BREP('',#609);
#609 = CLOSED_SHELL('',(#610,#698,#702,#737,#792));
#610 = ADVANCED_FACE('',(#611),#624,.T.);
#611 = FACE_BOUND('',#612,.F.);
#612 = EDGE_LOOP('',(#613,#647,#670,#697));
#613 = ORIENTED_EDGE('',*,*,#614,.T.);
#614 = EDGE_CURVE('',#615,#615,#617,.T.);
#615 = VERTEX_POINT('',#616);
#616 = CARTESIAN_POINT('',(20.,0.,51.6));
#617 = SURFACE_CURVE('',#618,(#623,#635),.PCURVE_S1.);
#618 = CIRCLE('',#619,20.);
#619 = AXIS2_PLACEMENT_3D('',#620,#621,#622);
#620 = CARTESIAN_POINT('',(0.,0.,51.6));
#621 = DIRECTION('',(0.,0.,1.));
#622 = DIRECTION('',(1.,0.,0.));
#623 = PCURVE('',#624,#629);
#624 = CYLINDRICAL_SURFACE('',#625,20.);
#625 = AXIS2_PLACEMENT_3D('',#626,#627,#628);
#626 = CARTESIAN_POINT('',(0.,0.,-18.4));
#627 = DIRECTION('',(-0.,-0.,-1.));
#628 = DIRECTION('',(1.,0.,0.));
#629 = DEFINITIONAL_REPRESENTATION('',(#630),#634);
#630 = LINE('',#631,#632);
#631 = CARTESIAN_POINT('',(-0.,-70.));
#632 = VECTOR('',#633,1.);
#633 = DIRECTION('',(-1.,0.));
#634 = ( GEOMETRIC_REPRESENTATION_CONTEXT(2) 
PARAMETRIC_REPRESENTATION_CONTEXT() REPRESENTATION_CONTEXT('2D SPACE',''
  ) );
#635 = PCURVE('',#636,#641);
#636 = PLANE('',#637);
#637 = AXIS2_PLACEMENT_3D('',#638,#639,#640);
#638 = CARTESIAN_POINT('',(-1.093952106032E-15,1.371473012632E-15,51.6)
  );
#639 = DIRECTION('',(0.,0.,1.));
#640 = DIRECTION('',(1.,0.,-0.));
#641 = DEFINITIONAL_REPRESENTATION('',(#642),#646);
#642 = CIRCLE('',#643,20.);
#643 = AXIS2_PLACEMENT_2D('',#644,#645);
#644 = CARTESIAN_POINT('',(1.093952106032E-15,-1.371473012632E-15));
#645 = DIRECTION('',(1.,0.));
#646 = ( GEOMETRIC_REPRESENTATION_CONTEXT(2) 
PARAMETRIC_REPRESENTATION_CONTEXT() REPRESENTATION_CONTEXT('2D SPACE',''
  ) );
#647 = ORIENTED_EDGE('',*,*,#648,.F.);
#648 = EDGE_CURVE('',#649,#615,#651,.T.);
#649 = VERTEX_POINT('',#650);
#650 = CARTESIAN_POINT('',(20.,0.,-22.4));
#651 = SEAM_CURVE('',#652,(#656,#663),.PCURVE_S1.);
#652 = LINE('',#653,#654);
#653 = CARTESIAN_POINT('',(20.,0.,-22.4));
#654 = VECTOR('',#655,1.);
#655 = DIRECTION('',(0.,0.,1.));
#656 = PCURVE('',#624,#657);
#657 = DEFINITIONAL_REPRESENTATION('',(#658),#662);
#658 = LINE('',#659,#660);
#659 = CARTESIAN_POINT('',(-6.28318530718,4.));
#660 = VECTOR('',#661,1.);
#661 = DIRECTION('',(-0.,-1.));
#662 = ( GEOMETRIC_REPRESENTATION_CONTEXT(2) 
PARAMETRIC_REPRESENTATION_CONTEXT() REPRESENTATION_CONTEXT('2D SPACE',''
  ) );
#663 = PCURVE('',#624,#664);
#664 = DEFINITIONAL_REPRESENTATION('',(#665),#669);
#665 = LINE('',#666,#667);
#666 = CARTESIAN_POINT('',(-0.,4.));
#667 = VECTOR('',#668,1.);
#668 = DIRECTION('',(-0.,-1.));
#669 = ( GEOMETRIC_REPRESENTATION_CONTEXT(2) 
PARAMETRIC_REPRESENTATION_CONTEXT() REPRESENTATION_CONTEXT('2D SPACE',''
  ) );
#670 = ORIENTED_EDGE('',*,*,#671,.F.);
#671 = EDGE_CURVE('',#649,#649,#672,.T.);
#672 = SURFACE_CURVE('',#673,(#678,#685),.PCURVE_S1.);
#673 = CIRCLE('',#674,20.);
#674 = AXIS2_PLACEMENT_3D('',#675,#676,#677);
#675 = CARTESIAN_POINT('',(0.,0.,-22.4));
#676 = DIRECTION('',(0.,0.,1.));
#677 = DIRECTION('',(1.,0.,0.));
#678 = PCURVE('',#624,#679);
#679 = DEFINITIONAL_REPRESENTATION('',(#680),#684);
#680 = LINE('',#681,#682);
#681 = CARTESIAN_POINT('',(-0.,4.));
#682 = VECTOR('',#683,1.);
#683 = DIRECTION('',(-1.,0.));
#684 = ( GEOMETRIC_REPRESENTATION_CONTEXT(2) 
PARAMETRIC_REPRESENTATION_CONTEXT() REPRESENTATION_CONTEXT('2D SPACE',''
  ) );
#685 = PCURVE('',#686,#691);
#686 = PLANE('',#687);
#687 = AXIS2_PLACEMENT_3D('',#688,#689,#690);
#688 = CARTESIAN_POINT('',(-1.093952106032E-15,1.371473012632E-15,-22.4)
  );
#689 = DIRECTION('',(0.,0.,1.));
#690 = DIRECTION('',(1.,0.,-0.));
#691 = DEFINITIONAL_REPRESENTATION('',(#692),#696);
#692 = CIRCLE('',#693,20.);
#693 = AXIS2_PLACEMENT_2D('',#694,#695);
#694 = CARTESIAN_POINT('',(1.093952106032E-15,-1.371473012632E-15));
#695 = DIRECTION('',(1.,0.));
#696 = ( GEOMETRIC_REPRESENTATION_CONTEXT(2) 
PARAMETRIC_REPRESENTATION_CONTEXT() REPRESENTATION_CONTEXT('2D SPACE',''
  ) );
#697 = ORIENTED_EDGE('',*,*,#648,.T.);
#698 = ADVANCED_FACE('',(#699),#686,.F.);
#699 = FACE_BOUND('',#700,.F.);
#700 = EDGE_LOOP('',(#701));
#701 = ORIENTED_EDGE('',*,*,#671,.T.);
#702 = ADVANCED_FACE('',(#703,#706),#636,.T.);
#703 = FACE_BOUND('',#704,.T.);
#704 = EDGE_LOOP('',(#705));
#705 = ORIENTED_EDGE('',*,*,#614,.T.);
#706 = FACE_BOUND('',#707,.T.);
#707 = EDGE_LOOP('',(#708));
#708 = ORIENTED_EDGE('',*,*,#709,.F.);
#709 = EDGE_CURVE('',#710,#710,#712,.T.);
#710 = VERTEX_POINT('',#711);
#711 = CARTESIAN_POINT('',(15.,5.329070518201E-16,51.6));
#712 = SURFACE_CURVE('',#713,(#718,#725),.PCURVE_S1.);
#713 = CIRCLE('',#714,15.);
#714 = AXIS2_PLACEMENT_3D('',#715,#716,#717);
#715 = CARTESIAN_POINT('',(9.485745522397E-14,5.329070518201E-16,51.6));
#716 = DIRECTION('',(0.,0.,1.));
#717 = DIRECTION('',(1.,0.,0.));
#718 = PCURVE('',#636,#719);
#719 = DEFINITIONAL_REPRESENTATION('',(#720),#724);
#720 = CIRCLE('',#721,15.);
#721 = AXIS2_PLACEMENT_2D('',#722,#723);
#722 = CARTESIAN_POINT('',(9.595140733E-14,-8.385659608114E-16));
#723 = DIRECTION('',(1.,0.));
#724 = ( GEOMETRIC_REPRESENTATION_CONTEXT(2) 
PARAMETRIC_REPRESENTATION_CONTEXT() REPRESENTATION_CONTEXT('2D SPACE',''
  ) );
#725 = PCURVE('',#726,#731);
#726 = CYLINDRICAL_SURFACE('',#727,15.);
#727 = AXIS2_PLACEMENT_3D('',#728,#729,#730);
#728 = CARTESIAN_POINT('',(9.485745522397E-14,5.329070518201E-16,-18.4)
  );
#729 = DIRECTION('',(-0.,-0.,-1.));
#730 = DIRECTION('',(1.,0.,0.));
#731 = DEFINITIONAL_REPRESENTATION('',(#732),#736);
#732 = LINE('',#733,#734);
#733 = CARTESIAN_POINT('',(-0.,-70.));
#734 = VECTOR('',#735,1.);
#735 = DIRECTION('',(-1.,0.));
#736 = ( GEOMETRIC_REPRESENTATION_CONTEXT(2) 
PARAMETRIC_REPRESENTATION_CONTEXT() REPRESENTATION_CONTEXT('2D SPACE',''
  ) );
#737 = ADVANCED_FACE('',(#738),#726,.F.);
#738 = FACE_BOUND('',#739,.T.);
#739 = EDGE_LOOP('',(#740,#763,#764,#765));
#740 = ORIENTED_EDGE('',*,*,#741,.T.);
#741 = EDGE_CURVE('',#742,#710,#744,.T.);
#742 = VERTEX_POINT('',#743);
#743 = CARTESIAN_POINT('',(15.,5.329070518201E-16,-18.4));
#744 = SEAM_CURVE('',#745,(#749,#756),.PCURVE_S1.);
#745 = LINE('',#746,#747);
#746 = CARTESIAN_POINT('',(15.,5.329070518201E-16,-18.4));
#747 = VECTOR('',#748,1.);
#748 = DIRECTION('',(0.,0.,1.));
#749 = PCURVE('',#726,#750);
#750 = DEFINITIONAL_REPRESENTATION('',(#751),#755);
#751 = LINE('',#752,#753);
#752 = CARTESIAN_POINT('',(-0.,0.));
#753 = VECTOR('',#754,1.);
#754 = DIRECTION('',(-0.,-1.));
#755 = ( GEOMETRIC_REPRESENTATION_CONTEXT(2) 
PARAMETRIC_REPRESENTATION_CONTEXT() REPRESENTATION_CONTEXT('2D SPACE',''
  ) );
#756 = PCURVE('',#726,#757);
#757 = DEFINITIONAL_REPRESENTATION('',(#758),#762);
#758 = LINE('',#759,#760);
#759 = CARTESIAN_POINT('',(-6.28318530718,0.));
#760 = VECTOR('',#761,1.);
#761 = DIRECTION('',(-0.,-1.));
#762 = ( GEOMETRIC_REPRESENTATION_CONTEXT(2) 
PARAMETRIC_REPRESENTATION_CONTEXT() REPRESENTATION_CONTEXT('2D SPACE',''
  ) );
#763 = ORIENTED_EDGE('',*,*,#709,.T.);
#764 = ORIENTED_EDGE('',*,*,#741,.F.);
#765 = ORIENTED_EDGE('',*,*,#766,.F.);
#766 = EDGE_CURVE('',#742,#742,#767,.T.);
#767 = SURFACE_CURVE('',#768,(#773,#780),.PCURVE_S1.);
#768 = CIRCLE('',#769,15.);
#769 = AXIS2_PLACEMENT_3D('',#770,#771,#772);
#770 = CARTESIAN_POINT('',(9.485745522397E-14,5.329070518201E-16,-18.4)
  );
#771 = DIRECTION('',(0.,0.,1.));
#772 = DIRECTION('',(1.,0.,0.));
#773 = PCURVE('',#726,#774);
#774 = DEFINITIONAL_REPRESENTATION('',(#775),#779);
#775 = LINE('',#776,#777);
#776 = CARTESIAN_POINT('',(-0.,0.));
#777 = VECTOR('',#778,1.);
#778 = DIRECTION('',(-1.,0.));
#779 = ( GEOMETRIC_REPRESENTATION_CONTEXT(2) 
PARAMETRIC_REPRESENTATION_CONTEXT() REPRESENTATION_CONTEXT('2D SPACE',''
  ) );
#780 = PCURVE('',#781,#786);
#781 = PLANE('',#782);
#782 = AXIS2_PLACEMENT_3D('',#783,#784,#785);
#783 = CARTESIAN_POINT('',(-1.093952106032E-15,1.371473012632E-15,-18.4)
  );
#784 = DIRECTION('',(0.,0.,1.));
#785 = DIRECTION('',(1.,0.,-0.));
#786 = DEFINITIONAL_REPRESENTATION('',(#787),#791);
#787 = CIRCLE('',#788,15.);
#788 = AXIS2_PLACEMENT_2D('',#789,#790);
#789 = CARTESIAN_POINT('',(9.595140733E-14,-8.385659608114E-16));
#790 = DIRECTION('',(1.,0.));
#791 = ( GEOMETRIC_REPRESENTATION_CONTEXT(2) 
PARAMETRIC_REPRESENTATION_CONTEXT() REPRESENTATION_CONTEXT('2D SPACE',''
  ) );
#792 = ADVANCED_FACE('',(#793),#781,.T.);
#793 = FACE_BOUND('',#794,.T.);
#794 = EDGE_LOOP('',(#795));
#795 = ORIENTED_EDGE('',*,*,#766,.T.);
#796 = ( GEOMETRIC_REPRESENTATION_CONTEXT(3) 
GLOBAL_UNCERTAINTY_ASSIGNED_CONTEXT((#800)) GLOBAL_UNIT_ASSIGNED_CONTEXT
((#797,#798,#799)) REPRESENTATION_CONTEXT('Context #1',
  '3D Context with UNIT and UNCERTAINTY') );
#797 = ( LENGTH_UNIT() NAMED_UNIT(*) SI_UNIT(.MILLI.,.METRE.) );
#798 = ( NAMED_UNIT(*) PLANE_ANGLE_UNIT() SI_UNIT($,.RADIAN.) );
#799 = ( NAMED_UNIT(*) SI_UNIT($,.STERADIAN.) SOLID_ANGLE_UNIT() );
#800 = UNCERTAINTY_MEASURE_WITH_UNIT(LENGTH_MEASURE(1.E-07),#797,
  'distance_accuracy_value','confusion accuracy');
#801 = CONTEXT_DEPENDENT_SHAPE_REPRESENTATION(#802,#804);
#802 = ( REPRESENTATION_RELATIONSHIP('','',#607,#10) 
REPRESENTATION_RELATIONSHIP_WITH_TRANSFORMATION(#803) 
SHAPE_REPRESENTATION_RELATIONSHIP() );
#803 = ITEM_DEFINED_TRANSFORMATION('','',#11,#27);
#804 = PRODUCT_DEFINITION_SHAPE('Placement','Placement of an item',#805
  );
#805 = NEXT_ASSEMBLY_USAGE_OCCURRENCE('326','mini_permeation_cell','',#5
  ,#602,$);
#806 = PRODUCT_RELATED_PRODUCT_CATEGORY('part',$,(#604));
#807 = SHAPE_DEFINITION_REPRESENTATION(#808,#814);
#808 = PRODUCT_DEFINITION_SHAPE('','',#809);
#809 = PRODUCT_DEFINITION('design','',#810,#813);
#810 = PRODUCT_DEFINITION_FORMATION('','',#811);
#811 = PRODUCT('mini_cell_electrolyte','mini_cell_electrolyte','',(#812)
  );
#812 = PRODUCT_CONTEXT('',#2,'mechanical');
#813 = PRODUCT_DEFINITION_CONTEXT('part definition',#2,'design');
#814 = ADVANCED_BREP_SHAPE_REPRESENTATION('',(#11,#815),#913);
#815 = MANIFOLD_SOLID_BREP('',#816);
#816 = CLOSED_SHELL('',(#817,#905,#909));
#817 = ADVANCED_FACE('',(#818),#832,.T.);
#818 = FACE_BOUND('',#819,.F.);
#819 = EDGE_LOOP('',(#820,#850,#877,#878));
#820 = ORIENTED_EDGE('',*,*,#821,.T.);
#821 = EDGE_CURVE('',#822,#824,#826,.T.);
#822 = VERTEX_POINT('',#823);
#823 = CARTESIAN_POINT('',(14.95,0.,-17.9));
#824 = VERTEX_POINT('',#825);
#825 = CARTESIAN_POINT('',(14.95,0.,12.1));
#826 = SEAM_CURVE('',#827,(#831,#843),.PCURVE_S1.);
#827 = LINE('',#828,#829);
#828 = CARTESIAN_POINT('',(14.95,0.,-17.9));
#829 = VECTOR('',#830,1.);
#830 = DIRECTION('',(0.,0.,1.));
#831 = PCURVE('',#832,#837);
#832 = CYLINDRICAL_SURFACE('',#833,14.95);
#833 = AXIS2_PLACEMENT_3D('',#834,#835,#836);
#834 = CARTESIAN_POINT('',(0.,0.,-17.9));
#835 = DIRECTION('',(-0.,-0.,-1.));
#836 = DIRECTION('',(1.,0.,0.));
#837 = DEFINITIONAL_REPRESENTATION('',(#838),#842);
#838 = LINE('',#839,#840);
#839 = CARTESIAN_POINT('',(-0.,0.));
#840 = VECTOR('',#841,1.);
#841 = DIRECTION('',(-0.,-1.));
#842 = ( GEOMETRIC_REPRESENTATION_CONTEXT(2) 
PARAMETRIC_REPRESENTATION_CONTEXT() REPRESENTATION_CONTEXT('2D SPACE',''
  ) );
#843 = PCURVE('',#832,#844);
#844 = DEFINITIONAL_REPRESENTATION('',(#845),#849);
#845 = LINE('',#846,#847);
#846 = CARTESIAN_POINT('',(-6.28318530718,0.));
#847 = VECTOR('',#848,1.);
#848 = DIRECTION('',(-0.,-1.));
#849 = ( GEOMETRIC_REPRESENTATION_CONTEXT(2) 
PARAMETRIC_REPRESENTATION_CONTEXT() REPRESENTATION_CONTEXT('2D SPACE',''
  ) );
#850 = ORIENTED_EDGE('',*,*,#851,.T.);
#851 = EDGE_CURVE('',#824,#824,#852,.T.);
#852 = SURFACE_CURVE('',#853,(#858,#865),.PCURVE_S1.);
#853 = CIRCLE('',#854,14.95);
#854 = AXIS2_PLACEMENT_3D('',#855,#856,#857);
#855 = CARTESIAN_POINT('',(0.,0.,12.1));
#856 = DIRECTION('',(0.,0.,1.));
#857 = DIRECTION('',(1.,0.,0.));
#858 = PCURVE('',#832,#859);
#859 = DEFINITIONAL_REPRESENTATION('',(#860),#864);
#860 = LINE('',#861,#862);
#861 = CARTESIAN_POINT('',(-0.,-30.));
#862 = VECTOR('',#863,1.);
#863 = DIRECTION('',(-1.,0.));
#864 = ( GEOMETRIC_REPRESENTATION_CONTEXT(2) 
PARAMETRIC_REPRESENTATION_CONTEXT() REPRESENTATION_CONTEXT('2D SPACE',''
  ) );
#865 = PCURVE('',#866,#871);
#866 = PLANE('',#867);
#867 = AXIS2_PLACEMENT_3D('',#868,#869,#870);
#868 = CARTESIAN_POINT('',(0.,8.53198756728E-16,12.1));
#869 = DIRECTION('',(0.,0.,1.));
#870 = DIRECTION('',(1.,0.,-0.));
#871 = DEFINITIONAL_REPRESENTATION('',(#872),#876);
#872 = CIRCLE('',#873,14.95);
#873 = AXIS2_PLACEMENT_2D('',#874,#875);
#874 = CARTESIAN_POINT('',(0.,-8.53198756728E-16));
#875 = DIRECTION('',(1.,0.));
#876 = ( GEOMETRIC_REPRESENTATION_CONTEXT(2) 
PARAMETRIC_REPRESENTATION_CONTEXT() REPRESENTATION_CONTEXT('2D SPACE',''
  ) );
#877 = ORIENTED_EDGE('',*,*,#821,.F.);
#878 = ORIENTED_EDGE('',*,*,#879,.F.);
#879 = EDGE_CURVE('',#822,#822,#880,.T.);
#880 = SURFACE_CURVE('',#881,(#886,#893),.PCURVE_S1.);
#881 = CIRCLE('',#882,14.95);
#882 = AXIS2_PLACEMENT_3D('',#883,#884,#885);
#883 = CARTESIAN_POINT('',(0.,0.,-17.9));
#884 = DIRECTION('',(0.,0.,1.));
#885 = DIRECTION('',(1.,0.,0.));
#886 = PCURVE('',#832,#887);
#887 = DEFINITIONAL_REPRESENTATION('',(#888),#892);
#888 = LINE('',#889,#890);
#889 = CARTESIAN_POINT('',(-0.,0.));
#890 = VECTOR('',#891,1.);
#891 = DIRECTION('',(-1.,0.));
#892 = ( GEOMETRIC_REPRESENTATION_CONTEXT(2) 
PARAMETRIC_REPRESENTATION_CONTEXT() REPRESENTATION_CONTEXT('2D SPACE',''
  ) );
#893 = PCURVE('',#894,#899);
#894 = PLANE('',#895);
#895 = AXIS2_PLACEMENT_3D('',#896,#897,#898);
#896 = CARTESIAN_POINT('',(0.,8.53198756728E-16,-17.9));
#897 = DIRECTION('',(0.,0.,1.));
#898 = DIRECTION('',(1.,0.,-0.));
#899 = DEFINITIONAL_REPRESENTATION('',(#900),#904);
#900 = CIRCLE('',#901,14.95);
#901 = AXIS2_PLACEMENT_2D('',#902,#903);
#902 = CARTESIAN_POINT('',(0.,-8.53198756728E-16));
#903 = DIRECTION('',(1.,0.));
#904 = ( GEOMETRIC_REPRESENTATION_CONTEXT(2) 
PARAMETRIC_REPRESENTATION_CONTEXT() REPRESENTATION_CONTEXT('2D SPACE',''
  ) );
#905 = ADVANCED_FACE('',(#906),#894,.F.);
#906 = FACE_BOUND('',#907,.F.);
#907 = EDGE_LOOP('',(#908));
#908 = ORIENTED_EDGE('',*,*,#879,.T.);
#909 = ADVANCED_FACE('',(#910),#866,.T.);
#910 = FACE_BOUND('',#911,.T.);
#911 = EDGE_LOOP('',(#912));
#912 = ORIENTED_EDGE('',*,*,#851,.T.);
#913 = ( GEOMETRIC_REPRESENTATION_CONTEXT(3) 
GLOBAL_UNCERTAINTY_ASSIGNED_CONTEXT((#917)) GLOBAL_UNIT_ASSIGNED_CONTEXT
((#914,#915,#916)) REPRESENTATION_CONTEXT('Context #1',
  '3D Context with UNIT and UNCERTAINTY') );
#914 = ( LENGTH_UNIT() NAMED_UNIT(*) SI_UNIT(.MILLI.,.METRE.) );
#915 = ( NAMED_UNIT(*) PLANE_ANGLE_UNIT() SI_UNIT($,.RADIAN.) );
#916 = ( NAMED_UNIT(*) SI_UNIT($,.STERADIAN.) SOLID_ANGLE_UNIT() );
#917 = UNCERTAINTY_MEASURE_WITH_UNIT(LENGTH_MEASURE(1.E-07),#914,
  'distance_accuracy_value','confusion accuracy');
#918 = CONTEXT_DEPENDENT_SHAPE_REPRESENTATION(#919,#921);
#919 = ( REPRESENTATION_RELATIONSHIP('','',#814,#10) 
REPRESENTATION_RELATIONSHIP_WITH_TRANSFORMATION(#920) 
SHAPE_REPRESENTATION_RELATIONSHIP() );
#920 = ITEM_DEFINED_TRANSFORMATION('','',#11,#31);
#921 = PRODUCT_DEFINITION_SHAPE('Placement','Placement of an item',#922
  );
#922 = NEXT_ASSEMBLY_USAGE_OCCURRENCE('327','mini_cell_electrolyte','',
  #5,#809,$);
#923 = PRODUCT_RELATED_PRODUCT_CATEGORY('part',$,(#811));
#924 = SHAPE_DEFINITION_REPRESENTATION(#925,#931);
#925 = PRODUCT_DEFINITION_SHAPE('','',#926);
#926 = PRODUCT_DEFINITION('design','',#927,#930);
#927 = PRODUCT_DEFINITION_FORMATION('','',#928);
#928 = PRODUCT('mini_cell_Pd_foil_12um','mini_cell_Pd_foil_12um','',(
    #929));
#929 = PRODUCT_CONTEXT('',#2,'mechanical');
#930 = PRODUCT_DEFINITION_CONTEXT('part definition',#2,'design');
#931 = ADVANCED_BREP_SHAPE_REPRESENTATION('',(#11,#932),#1030);
#932 = MANIFOLD_SOLID_BREP('',#933);
#933 = CLOSED_SHELL('',(#934,#1022,#1026));
#934 = ADVANCED_FACE('',(#935),#949,.T.);
#935 = FACE_BOUND('',#936,.F.);
#936 = EDGE_LOOP('',(#937,#967,#994,#995));
#937 = ORIENTED_EDGE('',*,*,#938,.T.);
#938 = EDGE_CURVE('',#939,#941,#943,.T.);
#939 = VERTEX_POINT('',#940);
#940 = CARTESIAN_POINT('',(10.,0.,-18.4));
#941 = VERTEX_POINT('',#942);
#942 = CARTESIAN_POINT('',(10.,0.,-18.388));
#943 = SEAM_CURVE('',#944,(#948,#960),.PCURVE_S1.);
#944 = LINE('',#945,#946);
#945 = CARTESIAN_POINT('',(10.,0.,-18.4));
#946 = VECTOR('',#947,1.);
#947 = DIRECTION('',(0.,0.,1.));
#948 = PCURVE('',#949,#954);
#949 = CYLINDRICAL_SURFACE('',#950,10.);
#950 = AXIS2_PLACEMENT_3D('',#951,#952,#953);
#951 = CARTESIAN_POINT('',(0.,0.,-18.4));
#952 = DIRECTION('',(-0.,-0.,-1.));
#953 = DIRECTION('',(1.,0.,0.));
#954 = DEFINITIONAL_REPRESENTATION('',(#955),#959);
#955 = LINE('',#956,#957);
#956 = CARTESIAN_POINT('',(-0.,0.));
#957 = VECTOR('',#958,1.);
#958 = DIRECTION('',(-0.,-1.));
#959 = ( GEOMETRIC_REPRESENTATION_CONTEXT(2) 
PARAMETRIC_REPRESENTATION_CONTEXT() REPRESENTATION_CONTEXT('2D SPACE',''
  ) );
#960 = PCURVE('',#949,#961);
#961 = DEFINITIONAL_REPRESENTATION('',(#962),#966);
#962 = LINE('',#963,#964);
#963 = CARTESIAN_POINT('',(-6.28318530718,0.));
#964 = VECTOR('',#965,1.);
#965 = DIRECTION('',(-0.,-1.));
#966 = ( GEOMETRIC_REPRESENTATION_CONTEXT(2) 
PARAMETRIC_REPRESENTATION_CONTEXT() REPRESENTATION_CONTEXT('2D SPACE',''
  ) );
#967 = ORIENTED_EDGE('',*,*,#968,.T.);
#968 = EDGE_CURVE('',#941,#941,#969,.T.);
#969 = SURFACE_CURVE('',#970,(#975,#982),.PCURVE_S1.);
#970 = CIRCLE('',#971,10.);
#971 = AXIS2_PLACEMENT_3D('',#972,#973,#974);
#972 = CARTESIAN_POINT('',(0.,0.,-18.388));
#973 = DIRECTION('',(0.,0.,1.));
#974 = DIRECTION('',(1.,0.,0.));
#975 = PCURVE('',#949,#976);
#976 = DEFINITIONAL_REPRESENTATION('',(#977),#981);
#977 = LINE('',#978,#979);
#978 = CARTESIAN_POINT('',(-0.,-1.2E-02));
#979 = VECTOR('',#980,1.);
#980 = DIRECTION('',(-1.,0.));
#981 = ( GEOMETRIC_REPRESENTATION_CONTEXT(2) 
PARAMETRIC_REPRESENTATION_CONTEXT() REPRESENTATION_CONTEXT('2D SPACE',''
  ) );
#982 = PCURVE('',#983,#988);
#983 = PLANE('',#984);
#984 = AXIS2_PLACEMENT_3D('',#985,#986,#987);
#985 = CARTESIAN_POINT('',(-5.469760530158E-16,6.857365063158E-16,
    -18.388));
#986 = DIRECTION('',(0.,0.,1.));
#987 = DIRECTION('',(1.,0.,-0.));
#988 = DEFINITIONAL_REPRESENTATION('',(#989),#993);
#989 = CIRCLE('',#990,10.);
#990 = AXIS2_PLACEMENT_2D('',#991,#992);
#991 = CARTESIAN_POINT('',(5.469760530158E-16,-6.857365063158E-16));
#992 = DIRECTION('',(1.,0.));
#993 = ( GEOMETRIC_REPRESENTATION_CONTEXT(2) 
PARAMETRIC_REPRESENTATION_CONTEXT() REPRESENTATION_CONTEXT('2D SPACE',''
  ) );
#994 = ORIENTED_EDGE('',*,*,#938,.F.);
#995 = ORIENTED_EDGE('',*,*,#996,.F.);
#996 = EDGE_CURVE('',#939,#939,#997,.T.);
#997 = SURFACE_CURVE('',#998,(#1003,#1010),.PCURVE_S1.);
#998 = CIRCLE('',#999,10.);
#999 = AXIS2_PLACEMENT_3D('',#1000,#1001,#1002);
#1000 = CARTESIAN_POINT('',(0.,0.,-18.4));
#1001 = DIRECTION('',(0.,0.,1.));
#1002 = DIRECTION('',(1.,0.,0.));
#1003 = PCURVE('',#949,#1004);
#1004 = DEFINITIONAL_REPRESENTATION('',(#1005),#1009);
#1005 = LINE('',#1006,#1007);
#1006 = CARTESIAN_POINT('',(-0.,0.));
#1007 = VECTOR('',#1008,1.);
#1008 = DIRECTION('',(-1.,0.));
#1009 = ( GEOMETRIC_REPRESENTATION_CONTEXT(2) 
PARAMETRIC_REPRESENTATION_CONTEXT() REPRESENTATION_CONTEXT('2D SPACE',''
  ) );
#1010 = PCURVE('',#1011,#1016);
#1011 = PLANE('',#1012);
#1012 = AXIS2_PLACEMENT_3D('',#1013,#1014,#1015);
#1013 = CARTESIAN_POINT('',(-5.469760530158E-16,6.857365063158E-16,-18.4
    ));
#1014 = DIRECTION('',(0.,0.,1.));
#1015 = DIRECTION('',(1.,0.,-0.));
#1016 = DEFINITIONAL_REPRESENTATION('',(#1017),#1021);
#1017 = CIRCLE('',#1018,10.);
#1018 = AXIS2_PLACEMENT_2D('',#1019,#1020);
#1019 = CARTESIAN_POINT('',(5.469760530158E-16,-6.857365063158E-16));
#1020 = DIRECTION('',(1.,0.));
#1021 = ( GEOMETRIC_REPRESENTATION_CONTEXT(2) 
PARAMETRIC_REPRESENTATION_CONTEXT() REPRESENTATION_CONTEXT('2D SPACE',''
  ) );
#1022 = ADVANCED_FACE('',(#1023),#1011,.F.);
#1023 = FACE_BOUND('',#1024,.F.);
#1024 = EDGE_LOOP('',(#1025));
#1025 = ORIENTED_EDGE('',*,*,#996,.T.);
#1026 = ADVANCED_FACE('',(#1027),#983,.T.);
#1027 = FACE_BOUND('',#1028,.T.);
#1028 = EDGE_LOOP('',(#1029));
#1029 = ORIENTED_EDGE('',*,*,#968,.T.);
#1030 = ( GEOMETRIC_REPRESENTATION_CONTEXT(3) 
GLOBAL_UNCERTAINTY_ASSIGNED_CONTEXT((#1034)) 
GLOBAL_UNIT_ASSIGNED_CONTEXT((#1031,#1032,#1033)) REPRESENTATION_CONTEXT
('Context #1','3D Context with UNIT and UNCERTAINTY') );
#1031 = ( LENGTH_UNIT() NAMED_UNIT(*) SI_UNIT(.MILLI.,.METRE.) );
#1032 = ( NAMED_UNIT(*) PLANE_ANGLE_UNIT() SI_UNIT($,.RADIAN.) );
#1033 = ( NAMED_UNIT(*) SI_UNIT($,.STERADIAN.) SOLID_ANGLE_UNIT() );
#1034 = UNCERTAINTY_MEASURE_WITH_UNIT(LENGTH_MEASURE(1.E-07),#1031,
  'distance_accuracy_value','confusion accuracy');
#1035 = CONTEXT_DEPENDENT_SHAPE_REPRESENTATION(#1036,#1038);
#1036 = ( REPRESENTATION_RELATIONSHIP('','',#931,#10) 
REPRESENTATION_RELATIONSHIP_WITH_TRANSFORMATION(#1037) 
SHAPE_REPRESENTATION_RELATIONSHIP() );
#1037 = ITEM_DEFINED_TRANSFORMATION('','',#11,#35);
#1038 = PRODUCT_DEFINITION_SHAPE('Placement','Placement of an item',
  #1039);
#1039 = NEXT_ASSEMBLY_USAGE_OCCURRENCE('328','mini_cell_Pd_foil_12um',''
  ,#5,#926,$);
#1040 = PRODUCT_RELATED_PRODUCT_CATEGORY('part',$,(#928));
#1041 = SHAPE_DEFINITION_REPRESENTATION(#1042,#1048);
#1042 = PRODUCT_DEFINITION_SHAPE('','',#1043);
#1043 = PRODUCT_DEFINITION('design','',#1044,#1047);
#1044 = PRODUCT_DEFINITION_FORMATION('','',#1045);
#1045 = PRODUCT('mini_cell_services_UHV_RGA',
  'mini_cell_services_UHV_RGA','',(#1046));
#1046 = PRODUCT_CONTEXT('',#2,'mechanical');
#1047 = PRODUCT_DEFINITION_CONTEXT('part definition',#2,'design');
#1048 = ADVANCED_BREP_SHAPE_REPRESENTATION('',(#11,#1049),#1147);
#1049 = MANIFOLD_SOLID_BREP('',#1050);
#1050 = CLOSED_SHELL('',(#1051,#1139,#1143));
#1051 = ADVANCED_FACE('',(#1052),#1066,.T.);
#1052 = FACE_BOUND('',#1053,.F.);
#1053 = EDGE_LOOP('',(#1054,#1084,#1111,#1112));
#1054 = ORIENTED_EDGE('',*,*,#1055,.T.);
#1055 = EDGE_CURVE('',#1056,#1058,#1060,.T.);
#1056 = VERTEX_POINT('',#1057);
#1057 = CARTESIAN_POINT('',(17.,0.,51.6));
#1058 = VERTEX_POINT('',#1059);
#1059 = CARTESIAN_POINT('',(17.,0.,311.6));
#1060 = SEAM_CURVE('',#1061,(#1065,#1077),.PCURVE_S1.);
#1061 = LINE('',#1062,#1063);
#1062 = CARTESIAN_POINT('',(17.,0.,51.6));
#1063 = VECTOR('',#1064,1.);
#1064 = DIRECTION('',(0.,0.,1.));
#1065 = PCURVE('',#1066,#1071);
#1066 = CYLINDRICAL_SURFACE('',#1067,3.);
#1067 = AXIS2_PLACEMENT_3D('',#1068,#1069,#1070);
#1068 = CARTESIAN_POINT('',(14.,0.,51.6));
#1069 = DIRECTION('',(-0.,-0.,-1.));
#1070 = DIRECTION('',(1.,0.,0.));
#1071 = DEFINITIONAL_REPRESENTATION('',(#1072),#1076);
#1072 = LINE('',#1073,#1074);
#1073 = CARTESIAN_POINT('',(-0.,0.));
#1074 = VECTOR('',#1075,1.);
#1075 = DIRECTION('',(-0.,-1.));
#1076 = ( GEOMETRIC_REPRESENTATION_CONTEXT(2) 
PARAMETRIC_REPRESENTATION_CONTEXT() REPRESENTATION_CONTEXT('2D SPACE',''
  ) );
#1077 = PCURVE('',#1066,#1078);
#1078 = DEFINITIONAL_REPRESENTATION('',(#1079),#1083);
#1079 = LINE('',#1080,#1081);
#1080 = CARTESIAN_POINT('',(-6.28318530718,0.));
#1081 = VECTOR('',#1082,1.);
#1082 = DIRECTION('',(-0.,-1.));
#1083 = ( GEOMETRIC_REPRESENTATION_CONTEXT(2) 
PARAMETRIC_REPRESENTATION_CONTEXT() REPRESENTATION_CONTEXT('2D SPACE',''
  ) );
#1084 = ORIENTED_EDGE('',*,*,#1085,.T.);
#1085 = EDGE_CURVE('',#1058,#1058,#1086,.T.);
#1086 = SURFACE_CURVE('',#1087,(#1092,#1099),.PCURVE_S1.);
#1087 = CIRCLE('',#1088,3.);
#1088 = AXIS2_PLACEMENT_3D('',#1089,#1090,#1091);
#1089 = CARTESIAN_POINT('',(14.,0.,311.6));
#1090 = DIRECTION('',(0.,0.,1.));
#1091 = DIRECTION('',(1.,0.,0.));
#1092 = PCURVE('',#1066,#1093);
#1093 = DEFINITIONAL_REPRESENTATION('',(#1094),#1098);
#1094 = LINE('',#1095,#1096);
#1095 = CARTESIAN_POINT('',(-0.,-260.));
#1096 = VECTOR('',#1097,1.);
#1097 = DIRECTION('',(-1.,0.));
#1098 = ( GEOMETRIC_REPRESENTATION_CONTEXT(2) 
PARAMETRIC_REPRESENTATION_CONTEXT() REPRESENTATION_CONTEXT('2D SPACE',''
  ) );
#1099 = PCURVE('',#1100,#1105);
#1100 = PLANE('',#1101);
#1101 = AXIS2_PLACEMENT_3D('',#1102,#1103,#1104);
#1102 = CARTESIAN_POINT('',(14.,1.054420088418E-16,311.6));
#1103 = DIRECTION('',(0.,0.,1.));
#1104 = DIRECTION('',(1.,0.,-0.));
#1105 = DEFINITIONAL_REPRESENTATION('',(#1106),#1110);
#1106 = CIRCLE('',#1107,3.);
#1107 = AXIS2_PLACEMENT_2D('',#1108,#1109);
#1108 = CARTESIAN_POINT('',(0.,-1.054420088418E-16));
#1109 = DIRECTION('',(1.,0.));
#1110 = ( GEOMETRIC_REPRESENTATION_CONTEXT(2) 
PARAMETRIC_REPRESENTATION_CONTEXT() REPRESENTATION_CONTEXT('2D SPACE',''
  ) );
#1111 = ORIENTED_EDGE('',*,*,#1055,.F.);
#1112 = ORIENTED_EDGE('',*,*,#1113,.F.);
#1113 = EDGE_CURVE('',#1056,#1056,#1114,.T.);
#1114 = SURFACE_CURVE('',#1115,(#1120,#1127),.PCURVE_S1.);
#1115 = CIRCLE('',#1116,3.);
#1116 = AXIS2_PLACEMENT_3D('',#1117,#1118,#1119);
#1117 = CARTESIAN_POINT('',(14.,0.,51.6));
#1118 = DIRECTION('',(0.,0.,1.));
#1119 = DIRECTION('',(1.,0.,0.));
#1120 = PCURVE('',#1066,#1121);
#1121 = DEFINITIONAL_REPRESENTATION('',(#1122),#1126);
#1122 = LINE('',#1123,#1124);
#1123 = CARTESIAN_POINT('',(-0.,0.));
#1124 = VECTOR('',#1125,1.);
#1125 = DIRECTION('',(-1.,0.));
#1126 = ( GEOMETRIC_REPRESENTATION_CONTEXT(2) 
PARAMETRIC_REPRESENTATION_CONTEXT() REPRESENTATION_CONTEXT('2D SPACE',''
  ) );
#1127 = PCURVE('',#1128,#1133);
#1128 = PLANE('',#1129);
#1129 = AXIS2_PLACEMENT_3D('',#1130,#1131,#1132);
#1130 = CARTESIAN_POINT('',(14.,1.054420088418E-16,51.6));
#1131 = DIRECTION('',(0.,0.,1.));
#1132 = DIRECTION('',(1.,0.,-0.));
#1133 = DEFINITIONAL_REPRESENTATION('',(#1134),#1138);
#1134 = CIRCLE('',#1135,3.);
#1135 = AXIS2_PLACEMENT_2D('',#1136,#1137);
#1136 = CARTESIAN_POINT('',(0.,-1.054420088418E-16));
#1137 = DIRECTION('',(1.,0.));
#1138 = ( GEOMETRIC_REPRESENTATION_CONTEXT(2) 
PARAMETRIC_REPRESENTATION_CONTEXT() REPRESENTATION_CONTEXT('2D SPACE',''
  ) );
#1139 = ADVANCED_FACE('',(#1140),#1128,.F.);
#1140 = FACE_BOUND('',#1141,.F.);
#1141 = EDGE_LOOP('',(#1142));
#1142 = ORIENTED_EDGE('',*,*,#1113,.T.);
#1143 = ADVANCED_FACE('',(#1144),#1100,.T.);
#1144 = FACE_BOUND('',#1145,.T.);
#1145 = EDGE_LOOP('',(#1146));
#1146 = ORIENTED_EDGE('',*,*,#1085,.T.);
#1147 = ( GEOMETRIC_REPRESENTATION_CONTEXT(3) 
GLOBAL_UNCERTAINTY_ASSIGNED_CONTEXT((#1151)) 
GLOBAL_UNIT_ASSIGNED_CONTEXT((#1148,#1149,#1150)) REPRESENTATION_CONTEXT
('Context #1','3D Context with UNIT and UNCERTAINTY') );
#1148 = ( LENGTH_UNIT() NAMED_UNIT(*) SI_UNIT(.MILLI.,.METRE.) );
#1149 = ( NAMED_UNIT(*) PLANE_ANGLE_UNIT() SI_UNIT($,.RADIAN.) );
#1150 = ( NAMED_UNIT(*) SI_UNIT($,.STERADIAN.) SOLID_ANGLE_UNIT() );
#1151 = UNCERTAINTY_MEASURE_WITH_UNIT(LENGTH_MEASURE(1.E-07),#1148,
  'distance_accuracy_value','confusion accuracy');
#1152 = CONTEXT_DEPENDENT_SHAPE_REPRESENTATION(#1153,#1155);
#1153 = ( REPRESENTATION_RELATIONSHIP('','',#1048,#10) 
REPRESENTATION_RELATIONSHIP_WITH_TRANSFORMATION(#1154) 
SHAPE_REPRESENTATION_RELATIONSHIP() );
#1154 = ITEM_DEFINED_TRANSFORMATION('','',#11,#39);
#1155 = PRODUCT_DEFINITION_SHAPE('Placement','Placement of an item',
  #1156);
#1156 = NEXT_ASSEMBLY_USAGE_OCCURRENCE('329',
  'mini_cell_services_UHV_RGA','',#5,#1043,$);
#1157 = PRODUCT_RELATED_PRODUCT_CATEGORY('part',$,(#1045));
#1158 = SHAPE_DEFINITION_REPRESENTATION(#1159,#1165);
#1159 = PRODUCT_DEFINITION_SHAPE('','',#1160);
#1160 = PRODUCT_DEFINITION('design','',#1161,#1164);
#1161 = PRODUCT_DEFINITION_FORMATION('','',#1162);
#1162 = PRODUCT('borated_HDPE_5cm','borated_HDPE_5cm','',(#1163));
#1163 = PRODUCT_CONTEXT('',#2,'mechanical');
#1164 = PRODUCT_DEFINITION_CONTEXT('part definition',#2,'design');
#1165 = ADVANCED_BREP_SHAPE_REPRESENTATION('',(#11,#1166),#1818);
#1166 = MANIFOLD_SOLID_BREP('',#1167);
#1167 = CLOSED_SHELL('',(#1168,#1288,#1364,#1527,#1576,#1603,#1610,#1686
    ,#1735,#1784,#1811));
#1168 = ADVANCED_FACE('',(#1169),#1183,.F.);
#1169 = FACE_BOUND('',#1170,.F.);
#1170 = EDGE_LOOP('',(#1171,#1206,#1234,#1262));
#1171 = ORIENTED_EDGE('',*,*,#1172,.F.);
#1172 = EDGE_CURVE('',#1173,#1175,#1177,.T.);
#1173 = VERTEX_POINT('',#1174);
#1174 = CARTESIAN_POINT('',(-174.6,-174.6,-306.6));
#1175 = VERTEX_POINT('',#1176);
#1176 = CARTESIAN_POINT('',(-174.6,-174.6,186.6));
#1177 = SURFACE_CURVE('',#1178,(#1182,#1194),.PCURVE_S1.);
#1178 = LINE('',#1179,#1180);
#1179 = CARTESIAN_POINT('',(-174.6,-174.6,-306.6));
#1180 = VECTOR('',#1181,1.);
#1181 = DIRECTION('',(0.,0.,1.));
#1182 = PCURVE('',#1183,#1188);
#1183 = PLANE('',#1184);
#1184 = AXIS2_PLACEMENT_3D('',#1185,#1186,#1187);
#1185 = CARTESIAN_POINT('',(-174.6,-174.6,-306.6));
#1186 = DIRECTION('',(1.,0.,0.));
#1187 = DIRECTION('',(0.,0.,1.));
#1188 = DEFINITIONAL_REPRESENTATION('',(#1189),#1193);
#1189 = LINE('',#1190,#1191);
#1190 = CARTESIAN_POINT('',(0.,0.));
#1191 = VECTOR('',#1192,1.);
#1192 = DIRECTION('',(1.,0.));
#1193 = ( GEOMETRIC_REPRESENTATION_CONTEXT(2) 
PARAMETRIC_REPRESENTATION_CONTEXT() REPRESENTATION_CONTEXT('2D SPACE',''
  ) );
#1194 = PCURVE('',#1195,#1200);
#1195 = PLANE('',#1196);
#1196 = AXIS2_PLACEMENT_3D('',#1197,#1198,#1199);
#1197 = CARTESIAN_POINT('',(-174.6,-174.6,-306.6));
#1198 = DIRECTION('',(0.,1.,0.));
#1199 = DIRECTION('',(0.,0.,1.));
#1200 = DEFINITIONAL_REPRESENTATION('',(#1201),#1205);
#1201 = LINE('',#1202,#1203);
#1202 = CARTESIAN_POINT('',(0.,0.));
#1203 = VECTOR('',#1204,1.);
#1204 = DIRECTION('',(1.,0.));
#1205 = ( GEOMETRIC_REPRESENTATION_CONTEXT(2) 
PARAMETRIC_REPRESENTATION_CONTEXT() REPRESENTATION_CONTEXT('2D SPACE',''
  ) );
#1206 = ORIENTED_EDGE('',*,*,#1207,.T.);
#1207 = EDGE_CURVE('',#1173,#1208,#1210,.T.);
#1208 = VERTEX_POINT('',#1209);
#1209 = CARTESIAN_POINT('',(-174.6,174.6,-306.6));
#1210 = SURFACE_CURVE('',#1211,(#1215,#1222),.PCURVE_S1.);
#1211 = LINE('',#1212,#1213);
#1212 = CARTESIAN_POINT('',(-174.6,-174.6,-306.6));
#1213 = VECTOR('',#1214,1.);
#1214 = DIRECTION('',(0.,1.,0.));
#1215 = PCURVE('',#1183,#1216);
#1216 = DEFINITIONAL_REPRESENTATION('',(#1217),#1221);
#1217 = LINE('',#1218,#1219);
#1218 = CARTESIAN_POINT('',(0.,0.));
#1219 = VECTOR('',#1220,1.);
#1220 = DIRECTION('',(0.,-1.));
#1221 = ( GEOMETRIC_REPRESENTATION_CONTEXT(2) 
PARAMETRIC_REPRESENTATION_CONTEXT() REPRESENTATION_CONTEXT('2D SPACE',''
  ) );
#1222 = PCURVE('',#1223,#1228);
#1223 = PLANE('',#1224);
#1224 = AXIS2_PLACEMENT_3D('',#1225,#1226,#1227);
#1225 = CARTESIAN_POINT('',(-174.6,-174.6,-306.6));
#1226 = DIRECTION('',(0.,0.,1.));
#1227 = DIRECTION('',(1.,0.,0.));
#1228 = DEFINITIONAL_REPRESENTATION('',(#1229),#1233);
#1229 = LINE('',#1230,#1231);
#1230 = CARTESIAN_POINT('',(0.,0.));
#1231 = VECTOR('',#1232,1.);
#1232 = DIRECTION('',(0.,1.));
#1233 = ( GEOMETRIC_REPRESENTATION_CONTEXT(2) 
PARAMETRIC_REPRESENTATION_CONTEXT() REPRESENTATION_CONTEXT('2D SPACE',''
  ) );
#1234 = ORIENTED_EDGE('',*,*,#1235,.T.);
#1235 = EDGE_CURVE('',#1208,#1236,#1238,.T.);
#1236 = VERTEX_POINT('',#1237);
#1237 = CARTESIAN_POINT('',(-174.6,174.6,186.6));
#1238 = SURFACE_CURVE('',#1239,(#1243,#1250),.PCURVE_S1.);
#1239 = LINE('',#1240,#1241);
#1240 = CARTESIAN_POINT('',(-174.6,174.6,-306.6));
#1241 = VECTOR('',#1242,1.);
#1242 = DIRECTION('',(0.,0.,1.));
#1243 = PCURVE('',#1183,#1244);
#1244 = DEFINITIONAL_REPRESENTATION('',(#1245),#1249);
#1245 = LINE('',#1246,#1247);
#1246 = CARTESIAN_POINT('',(0.,-349.2));
#1247 = VECTOR('',#1248,1.);
#1248 = DIRECTION('',(1.,0.));
#1249 = ( GEOMETRIC_REPRESENTATION_CONTEXT(2) 
PARAMETRIC_REPRESENTATION_CONTEXT() REPRESENTATION_CONTEXT('2D SPACE',''
  ) );
#1250 = PCURVE('',#1251,#1256);
#1251 = PLANE('',#1252);
#1252 = AXIS2_PLACEMENT_3D('',#1253,#1254,#1255);
#1253 = CARTESIAN_POINT('',(-174.6,174.6,-306.6));
#1254 = DIRECTION('',(0.,1.,0.));
#1255 = DIRECTION('',(0.,0.,1.));
#1256 = DEFINITIONAL_REPRESENTATION('',(#1257),#1261);
#1257 = LINE('',#1258,#1259);
#1258 = CARTESIAN_POINT('',(0.,0.));
#1259 = VECTOR('',#1260,1.);
#1260 = DIRECTION('',(1.,0.));
#1261 = ( GEOMETRIC_REPRESENTATION_CONTEXT(2) 
PARAMETRIC_REPRESENTATION_CONTEXT() REPRESENTATION_CONTEXT('2D SPACE',''
  ) );
#1262 = ORIENTED_EDGE('',*,*,#1263,.F.);
#1263 = EDGE_CURVE('',#1175,#1236,#1264,.T.);
#1264 = SURFACE_CURVE('',#1265,(#1269,#1276),.PCURVE_S1.);
#1265 = LINE('',#1266,#1267);
#1266 = CARTESIAN_POINT('',(-174.6,-174.6,186.6));
#1267 = VECTOR('',#1268,1.);
#1268 = DIRECTION('',(0.,1.,0.));
#1269 = PCURVE('',#1183,#1270);
#1270 = DEFINITIONAL_REPRESENTATION('',(#1271),#1275);
#1271 = LINE('',#1272,#1273);
#1272 = CARTESIAN_POINT('',(493.2,0.));
#1273 = VECTOR('',#1274,1.);
#1274 = DIRECTION('',(0.,-1.));
#1275 = ( GEOMETRIC_REPRESENTATION_CONTEXT(2) 
PARAMETRIC_REPRESENTATION_CONTEXT() REPRESENTATION_CONTEXT('2D SPACE',''
  ) );
#1276 = PCURVE('',#1277,#1282);
#1277 = PLANE('',#1278);
#1278 = AXIS2_PLACEMENT_3D('',#1279,#1280,#1281);
#1279 = CARTESIAN_POINT('',(-174.6,-174.6,186.6));
#1280 = DIRECTION('',(0.,0.,1.));
#1281 = DIRECTION('',(1.,0.,0.));
#1282 = DEFINITIONAL_REPRESENTATION('',(#1283),#1287);
#1283 = LINE('',#1284,#1285);
#1284 = CARTESIAN_POINT('',(0.,0.));
#1285 = VECTOR('',#1286,1.);
#1286 = DIRECTION('',(0.,1.));
#1287 = ( GEOMETRIC_REPRESENTATION_CONTEXT(2) 
PARAMETRIC_REPRESENTATION_CONTEXT() REPRESENTATION_CONTEXT('2D SPACE',''
  ) );
#1288 = ADVANCED_FACE('',(#1289),#1195,.F.);
#1289 = FACE_BOUND('',#1290,.F.);
#1290 = EDGE_LOOP('',(#1291,#1314,#1315,#1338));
#1291 = ORIENTED_EDGE('',*,*,#1292,.F.);
#1292 = EDGE_CURVE('',#1173,#1293,#1295,.T.);
#1293 = VERTEX_POINT('',#1294);
#1294 = CARTESIAN_POINT('',(174.6,-174.6,-306.6));
#1295 = SURFACE_CURVE('',#1296,(#1300,#1307),.PCURVE_S1.);
#1296 = LINE('',#1297,#1298);
#1297 = CARTESIAN_POINT('',(-174.6,-174.6,-306.6));
#1298 = VECTOR('',#1299,1.);
#1299 = DIRECTION('',(1.,0.,0.));
#1300 = PCURVE('',#1195,#1301);
#1301 = DEFINITIONAL_REPRESENTATION('',(#1302),#1306);
#1302 = LINE('',#1303,#1304);
#1303 = CARTESIAN_POINT('',(0.,0.));
#1304 = VECTOR('',#1305,1.);
#1305 = DIRECTION('',(0.,1.));
#1306 = ( GEOMETRIC_REPRESENTATION_CONTEXT(2) 
PARAMETRIC_REPRESENTATION_CONTEXT() REPRESENTATION_CONTEXT('2D SPACE',''
  ) );
#1307 = PCURVE('',#1223,#1308);
#1308 = DEFINITIONAL_REPRESENTATION('',(#1309),#1313);
#1309 = LINE('',#1310,#1311);
#1310 = CARTESIAN_POINT('',(0.,0.));
#1311 = VECTOR('',#1312,1.);
#1312 = DIRECTION('',(1.,0.));
#1313 = ( GEOMETRIC_REPRESENTATION_CONTEXT(2) 
PARAMETRIC_REPRESENTATION_CONTEXT() REPRESENTATION_CONTEXT('2D SPACE',''
  ) );
#1314 = ORIENTED_EDGE('',*,*,#1172,.T.);
#1315 = ORIENTED_EDGE('',*,*,#1316,.T.);
#1316 = EDGE_CURVE('',#1175,#1317,#1319,.T.);
#1317 = VERTEX_POINT('',#1318);
#1318 = CARTESIAN_POINT('',(174.6,-174.6,186.6));
#1319 = SURFACE_CURVE('',#1320,(#1324,#1331),.PCURVE_S1.);
#1320 = LINE('',#1321,#1322);
#1321 = CARTESIAN_POINT('',(-174.6,-174.6,186.6));
#1322 = VECTOR('',#1323,1.);
#1323 = DIRECTION('',(1.,0.,0.));
#1324 = PCURVE('',#1195,#1325);
#1325 = DEFINITIONAL_REPRESENTATION('',(#1326),#1330);
#1326 = LINE('',#1327,#1328);
#1327 = CARTESIAN_POINT('',(493.2,0.));
#1328 = VECTOR('',#1329,1.);
#1329 = DIRECTION('',(0.,1.));
#1330 = ( GEOMETRIC_REPRESENTATION_CONTEXT(2) 
PARAMETRIC_REPRESENTATION_CONTEXT() REPRESENTATION_CONTEXT('2D SPACE',''
  ) );
#1331 = PCURVE('',#1277,#1332);
#1332 = DEFINITIONAL_REPRESENTATION('',(#1333),#1337);
#1333 = LINE('',#1334,#1335);
#1334 = CARTESIAN_POINT('',(0.,0.));
#1335 = VECTOR('',#1336,1.);
#1336 = DIRECTION('',(1.,0.));
#1337 = ( GEOMETRIC_REPRESENTATION_CONTEXT(2) 
PARAMETRIC_REPRESENTATION_CONTEXT() REPRESENTATION_CONTEXT('2D SPACE',''
  ) );
#1338 = ORIENTED_EDGE('',*,*,#1339,.F.);
#1339 = EDGE_CURVE('',#1293,#1317,#1340,.T.);
#1340 = SURFACE_CURVE('',#1341,(#1345,#1352),.PCURVE_S1.);
#1341 = LINE('',#1342,#1343);
#1342 = CARTESIAN_POINT('',(174.6,-174.6,-306.6));
#1343 = VECTOR('',#1344,1.);
#1344 = DIRECTION('',(0.,0.,1.));
#1345 = PCURVE('',#1195,#1346);
#1346 = DEFINITIONAL_REPRESENTATION('',(#1347),#1351);
#1347 = LINE('',#1348,#1349);
#1348 = CARTESIAN_POINT('',(0.,349.2));
#1349 = VECTOR('',#1350,1.);
#1350 = DIRECTION('',(1.,0.));
#1351 = ( GEOMETRIC_REPRESENTATION_CONTEXT(2) 
PARAMETRIC_REPRESENTATION_CONTEXT() REPRESENTATION_CONTEXT('2D SPACE',''
  ) );
#1352 = PCURVE('',#1353,#1358);
#1353 = PLANE('',#1354);
#1354 = AXIS2_PLACEMENT_3D('',#1355,#1356,#1357);
#1355 = CARTESIAN_POINT('',(174.6,-174.6,-306.6));
#1356 = DIRECTION('',(1.,0.,0.));
#1357 = DIRECTION('',(0.,0.,1.));
#1358 = DEFINITIONAL_REPRESENTATION('',(#1359),#1363);
#1359 = LINE('',#1360,#1361);
#1360 = CARTESIAN_POINT('',(0.,0.));
#1361 = VECTOR('',#1362,1.);
#1362 = DIRECTION('',(1.,0.));
#1363 = ( GEOMETRIC_REPRESENTATION_CONTEXT(2) 
PARAMETRIC_REPRESENTATION_CONTEXT() REPRESENTATION_CONTEXT('2D SPACE',''
  ) );
#1364 = ADVANCED_FACE('',(#1365,#1413),#1277,.T.);
#1365 = FACE_BOUND('',#1366,.T.);
#1366 = EDGE_LOOP('',(#1367,#1368,#1369,#1392));
#1367 = ORIENTED_EDGE('',*,*,#1263,.F.);
#1368 = ORIENTED_EDGE('',*,*,#1316,.T.);
#1369 = ORIENTED_EDGE('',*,*,#1370,.T.);
#1370 = EDGE_CURVE('',#1317,#1371,#1373,.T.);
#1371 = VERTEX_POINT('',#1372);
#1372 = CARTESIAN_POINT('',(174.6,174.6,186.6));
#1373 = SURFACE_CURVE('',#1374,(#1378,#1385),.PCURVE_S1.);
#1374 = LINE('',#1375,#1376);
#1375 = CARTESIAN_POINT('',(174.6,-174.6,186.6));
#1376 = VECTOR('',#1377,1.);
#1377 = DIRECTION('',(0.,1.,0.));
#1378 = PCURVE('',#1277,#1379);
#1379 = DEFINITIONAL_REPRESENTATION('',(#1380),#1384);
#1380 = LINE('',#1381,#1382);
#1381 = CARTESIAN_POINT('',(349.2,0.));
#1382 = VECTOR('',#1383,1.);
#1383 = DIRECTION('',(0.,1.));
#1384 = ( GEOMETRIC_REPRESENTATION_CONTEXT(2) 
PARAMETRIC_REPRESENTATION_CONTEXT() REPRESENTATION_CONTEXT('2D SPACE',''
  ) );
#1385 = PCURVE('',#1353,#1386);
#1386 = DEFINITIONAL_REPRESENTATION('',(#1387),#1391);
#1387 = LINE('',#1388,#1389);
#1388 = CARTESIAN_POINT('',(493.2,0.));
#1389 = VECTOR('',#1390,1.);
#1390 = DIRECTION('',(0.,-1.));
#1391 = ( GEOMETRIC_REPRESENTATION_CONTEXT(2) 
PARAMETRIC_REPRESENTATION_CONTEXT() REPRESENTATION_CONTEXT('2D SPACE',''
  ) );
#1392 = ORIENTED_EDGE('',*,*,#1393,.F.);
#1393 = EDGE_CURVE('',#1236,#1371,#1394,.T.);
#1394 = SURFACE_CURVE('',#1395,(#1399,#1406),.PCURVE_S1.);
#1395 = LINE('',#1396,#1397);
#1396 = CARTESIAN_POINT('',(-174.6,174.6,186.6));
#1397 = VECTOR('',#1398,1.);
#1398 = DIRECTION('',(1.,0.,0.));
#1399 = PCURVE('',#1277,#1400);
#1400 = DEFINITIONAL_REPRESENTATION('',(#1401),#1405);
#1401 = LINE('',#1402,#1403);
#1402 = CARTESIAN_POINT('',(0.,349.2));
#1403 = VECTOR('',#1404,1.);
#1404 = DIRECTION('',(1.,0.));
#1405 = ( GEOMETRIC_REPRESENTATION_CONTEXT(2) 
PARAMETRIC_REPRESENTATION_CONTEXT() REPRESENTATION_CONTEXT('2D SPACE',''
  ) );
#1406 = PCURVE('',#1251,#1407);
#1407 = DEFINITIONAL_REPRESENTATION('',(#1408),#1412);
#1408 = LINE('',#1409,#1410);
#1409 = CARTESIAN_POINT('',(493.2,0.));
#1410 = VECTOR('',#1411,1.);
#1411 = DIRECTION('',(0.,1.));
#1412 = ( GEOMETRIC_REPRESENTATION_CONTEXT(2) 
PARAMETRIC_REPRESENTATION_CONTEXT() REPRESENTATION_CONTEXT('2D SPACE',''
  ) );
#1413 = FACE_BOUND('',#1414,.T.);
#1414 = EDGE_LOOP('',(#1415,#1445,#1473,#1501));
#1415 = ORIENTED_EDGE('',*,*,#1416,.T.);
#1416 = EDGE_CURVE('',#1417,#1419,#1421,.T.);
#1417 = VERTEX_POINT('',#1418);
#1418 = CARTESIAN_POINT('',(124.6,-124.6,186.6));
#1419 = VERTEX_POINT('',#1420);
#1420 = CARTESIAN_POINT('',(-124.6,-124.6,186.6));
#1421 = SURFACE_CURVE('',#1422,(#1426,#1433),.PCURVE_S1.);
#1422 = LINE('',#1423,#1424);
#1423 = CARTESIAN_POINT('',(-149.6,-124.6,186.6));
#1424 = VECTOR('',#1425,1.);
#1425 = DIRECTION('',(-1.,0.,0.));
#1426 = PCURVE('',#1277,#1427);
#1427 = DEFINITIONAL_REPRESENTATION('',(#1428),#1432);
#1428 = LINE('',#1429,#1430);
#1429 = CARTESIAN_POINT('',(25.,50.));
#1430 = VECTOR('',#1431,1.);
#1431 = DIRECTION('',(-1.,0.));
#1432 = ( GEOMETRIC_REPRESENTATION_CONTEXT(2) 
PARAMETRIC_REPRESENTATION_CONTEXT() REPRESENTATION_CONTEXT('2D SPACE',''
  ) );
#1433 = PCURVE('',#1434,#1439);
#1434 = PLANE('',#1435);
#1435 = AXIS2_PLACEMENT_3D('',#1436,#1437,#1438);
#1436 = CARTESIAN_POINT('',(-124.6,-124.6,-256.6));
#1437 = DIRECTION('',(0.,1.,0.));
#1438 = DIRECTION('',(0.,0.,1.));
#1439 = DEFINITIONAL_REPRESENTATION('',(#1440),#1444);
#1440 = LINE('',#1441,#1442);
#1441 = CARTESIAN_POINT('',(443.2,-25.));
#1442 = VECTOR('',#1443,1.);
#1443 = DIRECTION('',(0.,-1.));
#1444 = ( GEOMETRIC_REPRESENTATION_CONTEXT(2) 
PARAMETRIC_REPRESENTATION_CONTEXT() REPRESENTATION_CONTEXT('2D SPACE',''
  ) );
#1445 = ORIENTED_EDGE('',*,*,#1446,.T.);
#1446 = EDGE_CURVE('',#1419,#1447,#1449,.T.);
#1447 = VERTEX_POINT('',#1448);
#1448 = CARTESIAN_POINT('',(-124.6,124.6,186.6));
#1449 = SURFACE_CURVE('',#1450,(#1454,#1461),.PCURVE_S1.);
#1450 = LINE('',#1451,#1452);
#1451 = CARTESIAN_POINT('',(-124.6,-149.6,186.6));
#1452 = VECTOR('',#1453,1.);
#1453 = DIRECTION('',(0.,1.,0.));
#1454 = PCURVE('',#1277,#1455);
#1455 = DEFINITIONAL_REPRESENTATION('',(#1456),#1460);
#1456 = LINE('',#1457,#1458);
#1457 = CARTESIAN_POINT('',(50.,25.));
#1458 = VECTOR('',#1459,1.);
#1459 = DIRECTION('',(0.,1.));
#1460 = ( GEOMETRIC_REPRESENTATION_CONTEXT(2) 
PARAMETRIC_REPRESENTATION_CONTEXT() REPRESENTATION_CONTEXT('2D SPACE',''
  ) );
#1461 = PCURVE('',#1462,#1467);
#1462 = PLANE('',#1463);
#1463 = AXIS2_PLACEMENT_3D('',#1464,#1465,#1466);
#1464 = CARTESIAN_POINT('',(-124.6,-124.6,-256.6));
#1465 = DIRECTION('',(1.,0.,0.));
#1466 = DIRECTION('',(0.,0.,1.));
#1467 = DEFINITIONAL_REPRESENTATION('',(#1468),#1472);
#1468 = LINE('',#1469,#1470);
#1469 = CARTESIAN_POINT('',(443.2,25.));
#1470 = VECTOR('',#1471,1.);
#1471 = DIRECTION('',(0.,-1.));
#1472 = ( GEOMETRIC_REPRESENTATION_CONTEXT(2) 
PARAMETRIC_REPRESENTATION_CONTEXT() REPRESENTATION_CONTEXT('2D SPACE',''
  ) );
#1473 = ORIENTED_EDGE('',*,*,#1474,.F.);
#1474 = EDGE_CURVE('',#1475,#1447,#1477,.T.);
#1475 = VERTEX_POINT('',#1476);
#1476 = CARTESIAN_POINT('',(124.6,124.6,186.6));
#1477 = SURFACE_CURVE('',#1478,(#1482,#1489),.PCURVE_S1.);
#1478 = LINE('',#1479,#1480);
#1479 = CARTESIAN_POINT('',(-149.6,124.6,186.6));
#1480 = VECTOR('',#1481,1.);
#1481 = DIRECTION('',(-1.,0.,0.));
#1482 = PCURVE('',#1277,#1483);
#1483 = DEFINITIONAL_REPRESENTATION('',(#1484),#1488);
#1484 = LINE('',#1485,#1486);
#1485 = CARTESIAN_POINT('',(25.,299.2));
#1486 = VECTOR('',#1487,1.);
#1487 = DIRECTION('',(-1.,0.));
#1488 = ( GEOMETRIC_REPRESENTATION_CONTEXT(2) 
PARAMETRIC_REPRESENTATION_CONTEXT() REPRESENTATION_CONTEXT('2D SPACE',''
  ) );
#1489 = PCURVE('',#1490,#1495);
#1490 = PLANE('',#1491);
#1491 = AXIS2_PLACEMENT_3D('',#1492,#1493,#1494);
#1492 = CARTESIAN_POINT('',(-124.6,124.6,-256.6));
#1493 = DIRECTION('',(0.,1.,0.));
#1494 = DIRECTION('',(0.,0.,1.));
#1495 = DEFINITIONAL_REPRESENTATION('',(#1496),#1500);
#1496 = LINE('',#1497,#1498);
#1497 = CARTESIAN_POINT('',(443.2,-25.));
#1498 = VECTOR('',#1499,1.);
#1499 = DIRECTION('',(0.,-1.));
#1500 = ( GEOMETRIC_REPRESENTATION_CONTEXT(2) 
PARAMETRIC_REPRESENTATION_CONTEXT() REPRESENTATION_CONTEXT('2D SPACE',''
  ) );
#1501 = ORIENTED_EDGE('',*,*,#1502,.F.);
#1502 = EDGE_CURVE('',#1417,#1475,#1503,.T.);
#1503 = SURFACE_CURVE('',#1504,(#1508,#1515),.PCURVE_S1.);
#1504 = LINE('',#1505,#1506);
#1505 = CARTESIAN_POINT('',(124.6,-149.6,186.6));
#1506 = VECTOR('',#1507,1.);
#1507 = DIRECTION('',(0.,1.,0.));
#1508 = PCURVE('',#1277,#1509);
#1509 = DEFINITIONAL_REPRESENTATION('',(#1510),#1514);
#1510 = LINE('',#1511,#1512);
#1511 = CARTESIAN_POINT('',(299.2,25.));
#1512 = VECTOR('',#1513,1.);
#1513 = DIRECTION('',(0.,1.));
#1514 = ( GEOMETRIC_REPRESENTATION_CONTEXT(2) 
PARAMETRIC_REPRESENTATION_CONTEXT() REPRESENTATION_CONTEXT('2D SPACE',''
  ) );
#1515 = PCURVE('',#1516,#1521);
#1516 = PLANE('',#1517);
#1517 = AXIS2_PLACEMENT_3D('',#1518,#1519,#1520);
#1518 = CARTESIAN_POINT('',(124.6,-124.6,-256.6));
#1519 = DIRECTION('',(1.,0.,0.));
#1520 = DIRECTION('',(0.,0.,1.));
#1521 = DEFINITIONAL_REPRESENTATION('',(#1522),#1526);
#1522 = LINE('',#1523,#1524);
#1523 = CARTESIAN_POINT('',(443.2,25.));
#1524 = VECTOR('',#1525,1.);
#1525 = DIRECTION('',(0.,-1.));
#1526 = ( GEOMETRIC_REPRESENTATION_CONTEXT(2) 
PARAMETRIC_REPRESENTATION_CONTEXT() REPRESENTATION_CONTEXT('2D SPACE',''
  ) );
#1527 = ADVANCED_FACE('',(#1528),#1251,.T.);
#1528 = FACE_BOUND('',#1529,.T.);
#1529 = EDGE_LOOP('',(#1530,#1553,#1554,#1555));
#1530 = ORIENTED_EDGE('',*,*,#1531,.F.);
#1531 = EDGE_CURVE('',#1208,#1532,#1534,.T.);
#1532 = VERTEX_POINT('',#1533);
#1533 = CARTESIAN_POINT('',(174.6,174.6,-306.6));
#1534 = SURFACE_CURVE('',#1535,(#1539,#1546),.PCURVE_S1.);
#1535 = LINE('',#1536,#1537);
#1536 = CARTESIAN_POINT('',(-174.6,174.6,-306.6));
#1537 = VECTOR('',#1538,1.);
#1538 = DIRECTION('',(1.,0.,0.));
#1539 = PCURVE('',#1251,#1540);
#1540 = DEFINITIONAL_REPRESENTATION('',(#1541),#1545);
#1541 = LINE('',#1542,#1543);
#1542 = CARTESIAN_POINT('',(0.,0.));
#1543 = VECTOR('',#1544,1.);
#1544 = DIRECTION('',(0.,1.));
#1545 = ( GEOMETRIC_REPRESENTATION_CONTEXT(2) 
PARAMETRIC_REPRESENTATION_CONTEXT() REPRESENTATION_CONTEXT('2D SPACE',''
  ) );
#1546 = PCURVE('',#1223,#1547);
#1547 = DEFINITIONAL_REPRESENTATION('',(#1548),#1552);
#1548 = LINE('',#1549,#1550);
#1549 = CARTESIAN_POINT('',(0.,349.2));
#1550 = VECTOR('',#1551,1.);
#1551 = DIRECTION('',(1.,0.));
#1552 = ( GEOMETRIC_REPRESENTATION_CONTEXT(2) 
PARAMETRIC_REPRESENTATION_CONTEXT() REPRESENTATION_CONTEXT('2D SPACE',''
  ) );
#1553 = ORIENTED_EDGE('',*,*,#1235,.T.);
#1554 = ORIENTED_EDGE('',*,*,#1393,.T.);
#1555 = ORIENTED_EDGE('',*,*,#1556,.F.);
#1556 = EDGE_CURVE('',#1532,#1371,#1557,.T.);
#1557 = SURFACE_CURVE('',#1558,(#1562,#1569),.PCURVE_S1.);
#1558 = LINE('',#1559,#1560);
#1559 = CARTESIAN_POINT('',(174.6,174.6,-306.6));
#1560 = VECTOR('',#1561,1.);
#1561 = DIRECTION('',(0.,0.,1.));
#1562 = PCURVE('',#1251,#1563);
#1563 = DEFINITIONAL_REPRESENTATION('',(#1564),#1568);
#1564 = LINE('',#1565,#1566);
#1565 = CARTESIAN_POINT('',(0.,349.2));
#1566 = VECTOR('',#1567,1.);
#1567 = DIRECTION('',(1.,0.));
#1568 = ( GEOMETRIC_REPRESENTATION_CONTEXT(2) 
PARAMETRIC_REPRESENTATION_CONTEXT() REPRESENTATION_CONTEXT('2D SPACE',''
  ) );
#1569 = PCURVE('',#1353,#1570);
#1570 = DEFINITIONAL_REPRESENTATION('',(#1571),#1575);
#1571 = LINE('',#1572,#1573);
#1572 = CARTESIAN_POINT('',(0.,-349.2));
#1573 = VECTOR('',#1574,1.);
#1574 = DIRECTION('',(1.,0.));
#1575 = ( GEOMETRIC_REPRESENTATION_CONTEXT(2) 
PARAMETRIC_REPRESENTATION_CONTEXT() REPRESENTATION_CONTEXT('2D SPACE',''
  ) );
#1576 = ADVANCED_FACE('',(#1577),#1223,.F.);
#1577 = FACE_BOUND('',#1578,.F.);
#1578 = EDGE_LOOP('',(#1579,#1580,#1581,#1602));
#1579 = ORIENTED_EDGE('',*,*,#1207,.F.);
#1580 = ORIENTED_EDGE('',*,*,#1292,.T.);
#1581 = ORIENTED_EDGE('',*,*,#1582,.T.);
#1582 = EDGE_CURVE('',#1293,#1532,#1583,.T.);
#1583 = SURFACE_CURVE('',#1584,(#1588,#1595),.PCURVE_S1.);
#1584 = LINE('',#1585,#1586);
#1585 = CARTESIAN_POINT('',(174.6,-174.6,-306.6));
#1586 = VECTOR('',#1587,1.);
#1587 = DIRECTION('',(0.,1.,0.));
#1588 = PCURVE('',#1223,#1589);
#1589 = DEFINITIONAL_REPRESENTATION('',(#1590),#1594);
#1590 = LINE('',#1591,#1592);
#1591 = CARTESIAN_POINT('',(349.2,0.));
#1592 = VECTOR('',#1593,1.);
#1593 = DIRECTION('',(0.,1.));
#1594 = ( GEOMETRIC_REPRESENTATION_CONTEXT(2) 
PARAMETRIC_REPRESENTATION_CONTEXT() REPRESENTATION_CONTEXT('2D SPACE',''
  ) );
#1595 = PCURVE('',#1353,#1596);
#1596 = DEFINITIONAL_REPRESENTATION('',(#1597),#1601);
#1597 = LINE('',#1598,#1599);
#1598 = CARTESIAN_POINT('',(0.,0.));
#1599 = VECTOR('',#1600,1.);
#1600 = DIRECTION('',(0.,-1.));
#1601 = ( GEOMETRIC_REPRESENTATION_CONTEXT(2) 
PARAMETRIC_REPRESENTATION_CONTEXT() REPRESENTATION_CONTEXT('2D SPACE',''
  ) );
#1602 = ORIENTED_EDGE('',*,*,#1531,.F.);
#1603 = ADVANCED_FACE('',(#1604),#1353,.T.);
#1604 = FACE_BOUND('',#1605,.T.);
#1605 = EDGE_LOOP('',(#1606,#1607,#1608,#1609));
#1606 = ORIENTED_EDGE('',*,*,#1339,.F.);
#1607 = ORIENTED_EDGE('',*,*,#1582,.T.);
#1608 = ORIENTED_EDGE('',*,*,#1556,.T.);
#1609 = ORIENTED_EDGE('',*,*,#1370,.F.);
#1610 = ADVANCED_FACE('',(#1611),#1434,.T.);
#1611 = FACE_BOUND('',#1612,.T.);
#1612 = EDGE_LOOP('',(#1613,#1636,#1664,#1685));
#1613 = ORIENTED_EDGE('',*,*,#1614,.F.);
#1614 = EDGE_CURVE('',#1615,#1417,#1617,.T.);
#1615 = VERTEX_POINT('',#1616);
#1616 = CARTESIAN_POINT('',(124.6,-124.6,-256.6));
#1617 = SURFACE_CURVE('',#1618,(#1622,#1629),.PCURVE_S1.);
#1618 = LINE('',#1619,#1620);
#1619 = CARTESIAN_POINT('',(124.6,-124.6,-256.6));
#1620 = VECTOR('',#1621,1.);
#1621 = DIRECTION('',(0.,0.,1.));
#1622 = PCURVE('',#1434,#1623);
#1623 = DEFINITIONAL_REPRESENTATION('',(#1624),#1628);
#1624 = LINE('',#1625,#1626);
#1625 = CARTESIAN_POINT('',(0.,249.2));
#1626 = VECTOR('',#1627,1.);
#1627 = DIRECTION('',(1.,0.));
#1628 = ( GEOMETRIC_REPRESENTATION_CONTEXT(2) 
PARAMETRIC_REPRESENTATION_CONTEXT() REPRESENTATION_CONTEXT('2D SPACE',''
  ) );
#1629 = PCURVE('',#1516,#1630);
#1630 = DEFINITIONAL_REPRESENTATION('',(#1631),#1635);
#1631 = LINE('',#1632,#1633);
#1632 = CARTESIAN_POINT('',(0.,0.));
#1633 = VECTOR('',#1634,1.);
#1634 = DIRECTION('',(1.,0.));
#1635 = ( GEOMETRIC_REPRESENTATION_CONTEXT(2) 
PARAMETRIC_REPRESENTATION_CONTEXT() REPRESENTATION_CONTEXT('2D SPACE',''
  ) );
#1636 = ORIENTED_EDGE('',*,*,#1637,.F.);
#1637 = EDGE_CURVE('',#1638,#1615,#1640,.T.);
#1638 = VERTEX_POINT('',#1639);
#1639 = CARTESIAN_POINT('',(-124.6,-124.6,-256.6));
#1640 = SURFACE_CURVE('',#1641,(#1645,#1652),.PCURVE_S1.);
#1641 = LINE('',#1642,#1643);
#1642 = CARTESIAN_POINT('',(-124.6,-124.6,-256.6));
#1643 = VECTOR('',#1644,1.);
#1644 = DIRECTION('',(1.,0.,0.));
#1645 = PCURVE('',#1434,#1646);
#1646 = DEFINITIONAL_REPRESENTATION('',(#1647),#1651);
#1647 = LINE('',#1648,#1649);
#1648 = CARTESIAN_POINT('',(0.,0.));
#1649 = VECTOR('',#1650,1.);
#1650 = DIRECTION('',(0.,1.));
#1651 = ( GEOMETRIC_REPRESENTATION_CONTEXT(2) 
PARAMETRIC_REPRESENTATION_CONTEXT() REPRESENTATION_CONTEXT('2D SPACE',''
  ) );
#1652 = PCURVE('',#1653,#1658);
#1653 = PLANE('',#1654);
#1654 = AXIS2_PLACEMENT_3D('',#1655,#1656,#1657);
#1655 = CARTESIAN_POINT('',(-124.6,-124.6,-256.6));
#1656 = DIRECTION('',(0.,0.,1.));
#1657 = DIRECTION('',(1.,0.,0.));
#1658 = DEFINITIONAL_REPRESENTATION('',(#1659),#1663);
#1659 = LINE('',#1660,#1661);
#1660 = CARTESIAN_POINT('',(0.,0.));
#1661 = VECTOR('',#1662,1.);
#1662 = DIRECTION('',(1.,0.));
#1663 = ( GEOMETRIC_REPRESENTATION_CONTEXT(2) 
PARAMETRIC_REPRESENTATION_CONTEXT() REPRESENTATION_CONTEXT('2D SPACE',''
  ) );
#1664 = ORIENTED_EDGE('',*,*,#1665,.T.);
#1665 = EDGE_CURVE('',#1638,#1419,#1666,.T.);
#1666 = SURFACE_CURVE('',#1667,(#1671,#1678),.PCURVE_S1.);
#1667 = LINE('',#1668,#1669);
#1668 = CARTESIAN_POINT('',(-124.6,-124.6,-256.6));
#1669 = VECTOR('',#1670,1.);
#1670 = DIRECTION('',(0.,0.,1.));
#1671 = PCURVE('',#1434,#1672);
#1672 = DEFINITIONAL_REPRESENTATION('',(#1673),#1677);
#1673 = LINE('',#1674,#1675);
#1674 = CARTESIAN_POINT('',(0.,0.));
#1675 = VECTOR('',#1676,1.);
#1676 = DIRECTION('',(1.,0.));
#1677 = ( GEOMETRIC_REPRESENTATION_CONTEXT(2) 
PARAMETRIC_REPRESENTATION_CONTEXT() REPRESENTATION_CONTEXT('2D SPACE',''
  ) );
#1678 = PCURVE('',#1462,#1679);
#1679 = DEFINITIONAL_REPRESENTATION('',(#1680),#1684);
#1680 = LINE('',#1681,#1682);
#1681 = CARTESIAN_POINT('',(0.,0.));
#1682 = VECTOR('',#1683,1.);
#1683 = DIRECTION('',(1.,0.));
#1684 = ( GEOMETRIC_REPRESENTATION_CONTEXT(2) 
PARAMETRIC_REPRESENTATION_CONTEXT() REPRESENTATION_CONTEXT('2D SPACE',''
  ) );
#1685 = ORIENTED_EDGE('',*,*,#1416,.F.);
#1686 = ADVANCED_FACE('',(#1687),#1516,.F.);
#1687 = FACE_BOUND('',#1688,.F.);
#1688 = EDGE_LOOP('',(#1689,#1690,#1713,#1734));
#1689 = ORIENTED_EDGE('',*,*,#1614,.F.);
#1690 = ORIENTED_EDGE('',*,*,#1691,.T.);
#1691 = EDGE_CURVE('',#1615,#1692,#1694,.T.);
#1692 = VERTEX_POINT('',#1693);
#1693 = CARTESIAN_POINT('',(124.6,124.6,-256.6));
#1694 = SURFACE_CURVE('',#1695,(#1699,#1706),.PCURVE_S1.);
#1695 = LINE('',#1696,#1697);
#1696 = CARTESIAN_POINT('',(124.6,-124.6,-256.6));
#1697 = VECTOR('',#1698,1.);
#1698 = DIRECTION('',(0.,1.,0.));
#1699 = PCURVE('',#1516,#1700);
#1700 = DEFINITIONAL_REPRESENTATION('',(#1701),#1705);
#1701 = LINE('',#1702,#1703);
#1702 = CARTESIAN_POINT('',(0.,0.));
#1703 = VECTOR('',#1704,1.);
#1704 = DIRECTION('',(0.,-1.));
#1705 = ( GEOMETRIC_REPRESENTATION_CONTEXT(2) 
PARAMETRIC_REPRESENTATION_CONTEXT() REPRESENTATION_CONTEXT('2D SPACE',''
  ) );
#1706 = PCURVE('',#1653,#1707);
#1707 = DEFINITIONAL_REPRESENTATION('',(#1708),#1712);
#1708 = LINE('',#1709,#1710);
#1709 = CARTESIAN_POINT('',(249.2,0.));
#1710 = VECTOR('',#1711,1.);
#1711 = DIRECTION('',(0.,1.));
#1712 = ( GEOMETRIC_REPRESENTATION_CONTEXT(2) 
PARAMETRIC_REPRESENTATION_CONTEXT() REPRESENTATION_CONTEXT('2D SPACE',''
  ) );
#1713 = ORIENTED_EDGE('',*,*,#1714,.F.);
#1714 = EDGE_CURVE('',#1475,#1692,#1715,.T.);
#1715 = SURFACE_CURVE('',#1716,(#1720,#1727),.PCURVE_S1.);
#1716 = LINE('',#1717,#1718);
#1717 = CARTESIAN_POINT('',(124.6,124.6,628.8));
#1718 = VECTOR('',#1719,1.);
#1719 = DIRECTION('',(0.,0.,-1.));
#1720 = PCURVE('',#1516,#1721);
#1721 = DEFINITIONAL_REPRESENTATION('',(#1722),#1726);
#1722 = LINE('',#1723,#1724);
#1723 = CARTESIAN_POINT('',(885.4,-249.2));
#1724 = VECTOR('',#1725,1.);
#1725 = DIRECTION('',(-1.,0.));
#1726 = ( GEOMETRIC_REPRESENTATION_CONTEXT(2) 
PARAMETRIC_REPRESENTATION_CONTEXT() REPRESENTATION_CONTEXT('2D SPACE',''
  ) );
#1727 = PCURVE('',#1490,#1728);
#1728 = DEFINITIONAL_REPRESENTATION('',(#1729),#1733);
#1729 = LINE('',#1730,#1731);
#1730 = CARTESIAN_POINT('',(885.4,249.2));
#1731 = VECTOR('',#1732,1.);
#1732 = DIRECTION('',(-1.,0.));
#1733 = ( GEOMETRIC_REPRESENTATION_CONTEXT(2) 
PARAMETRIC_REPRESENTATION_CONTEXT() REPRESENTATION_CONTEXT('2D SPACE',''
  ) );
#1734 = ORIENTED_EDGE('',*,*,#1502,.F.);
#1735 = ADVANCED_FACE('',(#1736),#1490,.F.);
#1736 = FACE_BOUND('',#1737,.F.);
#1737 = EDGE_LOOP('',(#1738,#1739,#1762,#1783));
#1738 = ORIENTED_EDGE('',*,*,#1714,.T.);
#1739 = ORIENTED_EDGE('',*,*,#1740,.F.);
#1740 = EDGE_CURVE('',#1741,#1692,#1743,.T.);
#1741 = VERTEX_POINT('',#1742);
#1742 = CARTESIAN_POINT('',(-124.6,124.6,-256.6));
#1743 = SURFACE_CURVE('',#1744,(#1748,#1755),.PCURVE_S1.);
#1744 = LINE('',#1745,#1746);
#1745 = CARTESIAN_POINT('',(-124.6,124.6,-256.6));
#1746 = VECTOR('',#1747,1.);
#1747 = DIRECTION('',(1.,0.,0.));
#1748 = PCURVE('',#1490,#1749);
#1749 = DEFINITIONAL_REPRESENTATION('',(#1750),#1754);
#1750 = LINE('',#1751,#1752);
#1751 = CARTESIAN_POINT('',(0.,0.));
#1752 = VECTOR('',#1753,1.);
#1753 = DIRECTION('',(0.,1.));
#1754 = ( GEOMETRIC_REPRESENTATION_CONTEXT(2) 
PARAMETRIC_REPRESENTATION_CONTEXT() REPRESENTATION_CONTEXT('2D SPACE',''
  ) );
#1755 = PCURVE('',#1653,#1756);
#1756 = DEFINITIONAL_REPRESENTATION('',(#1757),#1761);
#1757 = LINE('',#1758,#1759);
#1758 = CARTESIAN_POINT('',(0.,249.2));
#1759 = VECTOR('',#1760,1.);
#1760 = DIRECTION('',(1.,0.));
#1761 = ( GEOMETRIC_REPRESENTATION_CONTEXT(2) 
PARAMETRIC_REPRESENTATION_CONTEXT() REPRESENTATION_CONTEXT('2D SPACE',''
  ) );
#1762 = ORIENTED_EDGE('',*,*,#1763,.F.);
#1763 = EDGE_CURVE('',#1447,#1741,#1764,.T.);
#1764 = SURFACE_CURVE('',#1765,(#1769,#1776),.PCURVE_S1.);
#1765 = LINE('',#1766,#1767);
#1766 = CARTESIAN_POINT('',(-124.6,124.6,628.8));
#1767 = VECTOR('',#1768,1.);
#1768 = DIRECTION('',(0.,0.,-1.));
#1769 = PCURVE('',#1490,#1770);
#1770 = DEFINITIONAL_REPRESENTATION('',(#1771),#1775);
#1771 = LINE('',#1772,#1773);
#1772 = CARTESIAN_POINT('',(885.4,0.));
#1773 = VECTOR('',#1774,1.);
#1774 = DIRECTION('',(-1.,0.));
#1775 = ( GEOMETRIC_REPRESENTATION_CONTEXT(2) 
PARAMETRIC_REPRESENTATION_CONTEXT() REPRESENTATION_CONTEXT('2D SPACE',''
  ) );
#1776 = PCURVE('',#1462,#1777);
#1777 = DEFINITIONAL_REPRESENTATION('',(#1778),#1782);
#1778 = LINE('',#1779,#1780);
#1779 = CARTESIAN_POINT('',(885.4,-249.2));
#1780 = VECTOR('',#1781,1.);
#1781 = DIRECTION('',(-1.,0.));
#1782 = ( GEOMETRIC_REPRESENTATION_CONTEXT(2) 
PARAMETRIC_REPRESENTATION_CONTEXT() REPRESENTATION_CONTEXT('2D SPACE',''
  ) );
#1783 = ORIENTED_EDGE('',*,*,#1474,.F.);
#1784 = ADVANCED_FACE('',(#1785),#1462,.T.);
#1785 = FACE_BOUND('',#1786,.T.);
#1786 = EDGE_LOOP('',(#1787,#1788,#1809,#1810));
#1787 = ORIENTED_EDGE('',*,*,#1665,.F.);
#1788 = ORIENTED_EDGE('',*,*,#1789,.T.);
#1789 = EDGE_CURVE('',#1638,#1741,#1790,.T.);
#1790 = SURFACE_CURVE('',#1791,(#1795,#1802),.PCURVE_S1.);
#1791 = LINE('',#1792,#1793);
#1792 = CARTESIAN_POINT('',(-124.6,-124.6,-256.6));
#1793 = VECTOR('',#1794,1.);
#1794 = DIRECTION('',(0.,1.,0.));
#1795 = PCURVE('',#1462,#1796);
#1796 = DEFINITIONAL_REPRESENTATION('',(#1797),#1801);
#1797 = LINE('',#1798,#1799);
#1798 = CARTESIAN_POINT('',(0.,0.));
#1799 = VECTOR('',#1800,1.);
#1800 = DIRECTION('',(0.,-1.));
#1801 = ( GEOMETRIC_REPRESENTATION_CONTEXT(2) 
PARAMETRIC_REPRESENTATION_CONTEXT() REPRESENTATION_CONTEXT('2D SPACE',''
  ) );
#1802 = PCURVE('',#1653,#1803);
#1803 = DEFINITIONAL_REPRESENTATION('',(#1804),#1808);
#1804 = LINE('',#1805,#1806);
#1805 = CARTESIAN_POINT('',(0.,0.));
#1806 = VECTOR('',#1807,1.);
#1807 = DIRECTION('',(0.,1.));
#1808 = ( GEOMETRIC_REPRESENTATION_CONTEXT(2) 
PARAMETRIC_REPRESENTATION_CONTEXT() REPRESENTATION_CONTEXT('2D SPACE',''
  ) );
#1809 = ORIENTED_EDGE('',*,*,#1763,.F.);
#1810 = ORIENTED_EDGE('',*,*,#1446,.F.);
#1811 = ADVANCED_FACE('',(#1812),#1653,.T.);
#1812 = FACE_BOUND('',#1813,.T.);
#1813 = EDGE_LOOP('',(#1814,#1815,#1816,#1817));
#1814 = ORIENTED_EDGE('',*,*,#1789,.F.);
#1815 = ORIENTED_EDGE('',*,*,#1637,.T.);
#1816 = ORIENTED_EDGE('',*,*,#1691,.T.);
#1817 = ORIENTED_EDGE('',*,*,#1740,.F.);
#1818 = ( GEOMETRIC_REPRESENTATION_CONTEXT(3) 
GLOBAL_UNCERTAINTY_ASSIGNED_CONTEXT((#1822)) 
GLOBAL_UNIT_ASSIGNED_CONTEXT((#1819,#1820,#1821)) REPRESENTATION_CONTEXT
('Context #1','3D Context with UNIT and UNCERTAINTY') );
#1819 = ( LENGTH_UNIT() NAMED_UNIT(*) SI_UNIT(.MILLI.,.METRE.) );
#1820 = ( NAMED_UNIT(*) PLANE_ANGLE_UNIT() SI_UNIT($,.RADIAN.) );
#1821 = ( NAMED_UNIT(*) SI_UNIT($,.STERADIAN.) SOLID_ANGLE_UNIT() );
#1822 = UNCERTAINTY_MEASURE_WITH_UNIT(LENGTH_MEASURE(1.E-07),#1819,
  'distance_accuracy_value','confusion accuracy');
#1823 = CONTEXT_DEPENDENT_SHAPE_REPRESENTATION(#1824,#1826);
#1824 = ( REPRESENTATION_RELATIONSHIP('','',#1165,#10) 
REPRESENTATION_RELATIONSHIP_WITH_TRANSFORMATION(#1825) 
SHAPE_REPRESENTATION_RELATIONSHIP() );
#1825 = ITEM_DEFINED_TRANSFORMATION('','',#11,#43);
#1826 = PRODUCT_DEFINITION_SHAPE('Placement','Placement of an item',
  #1827);
#1827 = NEXT_ASSEMBLY_USAGE_OCCURRENCE('330','borated_HDPE_5cm','',#5,
  #1160,$);
#1828 = PRODUCT_RELATED_PRODUCT_CATEGORY('part',$,(#1162));
#1829 = SHAPE_DEFINITION_REPRESENTATION(#1830,#1836);
#1830 = PRODUCT_DEFINITION_SHAPE('','',#1831);
#1831 = PRODUCT_DEFINITION('design','',#1832,#1835);
#1832 = PRODUCT_DEFINITION_FORMATION('','',#1833);
#1833 = PRODUCT('Pb_shield_10cm','Pb_shield_10cm','',(#1834));
#1834 = PRODUCT_CONTEXT('',#2,'mechanical');
#1835 = PRODUCT_DEFINITION_CONTEXT('part definition',#2,'design');
#1836 = ADVANCED_BREP_SHAPE_REPRESENTATION('',(#11,#1837),#2489);
#1837 = MANIFOLD_SOLID_BREP('',#1838);
#1838 = CLOSED_SHELL('',(#1839,#1959,#2035,#2198,#2247,#2274,#2281,#2357
    ,#2406,#2455,#2482));
#1839 = ADVANCED_FACE('',(#1840),#1854,.F.);
#1840 = FACE_BOUND('',#1841,.F.);
#1841 = EDGE_LOOP('',(#1842,#1877,#1905,#1933));
#1842 = ORIENTED_EDGE('',*,*,#1843,.F.);
#1843 = EDGE_CURVE('',#1844,#1846,#1848,.T.);
#1844 = VERTEX_POINT('',#1845);
#1845 = CARTESIAN_POINT('',(-274.6,-274.6,-406.6));
#1846 = VERTEX_POINT('',#1847);
#1847 = CARTESIAN_POINT('',(-274.6,-274.6,286.6));
#1848 = SURFACE_CURVE('',#1849,(#1853,#1865),.PCURVE_S1.);
#1849 = LINE('',#1850,#1851);
#1850 = CARTESIAN_POINT('',(-274.6,-274.6,-406.6));
#1851 = VECTOR('',#1852,1.);
#1852 = DIRECTION('',(0.,0.,1.));
#1853 = PCURVE('',#1854,#1859);
#1854 = PLANE('',#1855);
#1855 = AXIS2_PLACEMENT_3D('',#1856,#1857,#1858);
#1856 = CARTESIAN_POINT('',(-274.6,-274.6,-406.6));
#1857 = DIRECTION('',(1.,0.,0.));
#1858 = DIRECTION('',(0.,0.,1.));
#1859 = DEFINITIONAL_REPRESENTATION('',(#1860),#1864);
#1860 = LINE('',#1861,#1862);
#1861 = CARTESIAN_POINT('',(0.,0.));
#1862 = VECTOR('',#1863,1.);
#1863 = DIRECTION('',(1.,0.));
#1864 = ( GEOMETRIC_REPRESENTATION_CONTEXT(2) 
PARAMETRIC_REPRESENTATION_CONTEXT() REPRESENTATION_CONTEXT('2D SPACE',''
  ) );
#1865 = PCURVE('',#1866,#1871);
#1866 = PLANE('',#1867);
#1867 = AXIS2_PLACEMENT_3D('',#1868,#1869,#1870);
#1868 = CARTESIAN_POINT('',(-274.6,-274.6,-406.6));
#1869 = DIRECTION('',(0.,1.,0.));
#1870 = DIRECTION('',(0.,0.,1.));
#1871 = DEFINITIONAL_REPRESENTATION('',(#1872),#1876);
#1872 = LINE('',#1873,#1874);
#1873 = CARTESIAN_POINT('',(0.,0.));
#1874 = VECTOR('',#1875,1.);
#1875 = DIRECTION('',(1.,0.));
#1876 = ( GEOMETRIC_REPRESENTATION_CONTEXT(2) 
PARAMETRIC_REPRESENTATION_CONTEXT() REPRESENTATION_CONTEXT('2D SPACE',''
  ) );
#1877 = ORIENTED_EDGE('',*,*,#1878,.T.);
#1878 = EDGE_CURVE('',#1844,#1879,#1881,.T.);
#1879 = VERTEX_POINT('',#1880);
#1880 = CARTESIAN_POINT('',(-274.6,274.6,-406.6));
#1881 = SURFACE_CURVE('',#1882,(#1886,#1893),.PCURVE_S1.);
#1882 = LINE('',#1883,#1884);
#1883 = CARTESIAN_POINT('',(-274.6,-274.6,-406.6));
#1884 = VECTOR('',#1885,1.);
#1885 = DIRECTION('',(0.,1.,0.));
#1886 = PCURVE('',#1854,#1887);
#1887 = DEFINITIONAL_REPRESENTATION('',(#1888),#1892);
#1888 = LINE('',#1889,#1890);
#1889 = CARTESIAN_POINT('',(0.,0.));
#1890 = VECTOR('',#1891,1.);
#1891 = DIRECTION('',(0.,-1.));
#1892 = ( GEOMETRIC_REPRESENTATION_CONTEXT(2) 
PARAMETRIC_REPRESENTATION_CONTEXT() REPRESENTATION_CONTEXT('2D SPACE',''
  ) );
#1893 = PCURVE('',#1894,#1899);
#1894 = PLANE('',#1895);
#1895 = AXIS2_PLACEMENT_3D('',#1896,#1897,#1898);
#1896 = CARTESIAN_POINT('',(-274.6,-274.6,-406.6));
#1897 = DIRECTION('',(0.,0.,1.));
#1898 = DIRECTION('',(1.,0.,0.));
#1899 = DEFINITIONAL_REPRESENTATION('',(#1900),#1904);
#1900 = LINE('',#1901,#1902);
#1901 = CARTESIAN_POINT('',(0.,0.));
#1902 = VECTOR('',#1903,1.);
#1903 = DIRECTION('',(0.,1.));
#1904 = ( GEOMETRIC_REPRESENTATION_CONTEXT(2) 
PARAMETRIC_REPRESENTATION_CONTEXT() REPRESENTATION_CONTEXT('2D SPACE',''
  ) );
#1905 = ORIENTED_EDGE('',*,*,#1906,.T.);
#1906 = EDGE_CURVE('',#1879,#1907,#1909,.T.);
#1907 = VERTEX_POINT('',#1908);
#1908 = CARTESIAN_POINT('',(-274.6,274.6,286.6));
#1909 = SURFACE_CURVE('',#1910,(#1914,#1921),.PCURVE_S1.);
#1910 = LINE('',#1911,#1912);
#1911 = CARTESIAN_POINT('',(-274.6,274.6,-406.6));
#1912 = VECTOR('',#1913,1.);
#1913 = DIRECTION('',(0.,0.,1.));
#1914 = PCURVE('',#1854,#1915);
#1915 = DEFINITIONAL_REPRESENTATION('',(#1916),#1920);
#1916 = LINE('',#1917,#1918);
#1917 = CARTESIAN_POINT('',(0.,-549.2));
#1918 = VECTOR('',#1919,1.);
#1919 = DIRECTION('',(1.,0.));
#1920 = ( GEOMETRIC_REPRESENTATION_CONTEXT(2) 
PARAMETRIC_REPRESENTATION_CONTEXT() REPRESENTATION_CONTEXT('2D SPACE',''
  ) );
#1921 = PCURVE('',#1922,#1927);
#1922 = PLANE('',#1923);
#1923 = AXIS2_PLACEMENT_3D('',#1924,#1925,#1926);
#1924 = CARTESIAN_POINT('',(-274.6,274.6,-406.6));
#1925 = DIRECTION('',(0.,1.,0.));
#1926 = DIRECTION('',(0.,0.,1.));
#1927 = DEFINITIONAL_REPRESENTATION('',(#1928),#1932);
#1928 = LINE('',#1929,#1930);
#1929 = CARTESIAN_POINT('',(0.,0.));
#1930 = VECTOR('',#1931,1.);
#1931 = DIRECTION('',(1.,0.));
#1932 = ( GEOMETRIC_REPRESENTATION_CONTEXT(2) 
PARAMETRIC_REPRESENTATION_CONTEXT() REPRESENTATION_CONTEXT('2D SPACE',''
  ) );
#1933 = ORIENTED_EDGE('',*,*,#1934,.F.);
#1934 = EDGE_CURVE('',#1846,#1907,#1935,.T.);
#1935 = SURFACE_CURVE('',#1936,(#1940,#1947),.PCURVE_S1.);
#1936 = LINE('',#1937,#1938);
#1937 = CARTESIAN_POINT('',(-274.6,-274.6,286.6));
#1938 = VECTOR('',#1939,1.);
#1939 = DIRECTION('',(0.,1.,0.));
#1940 = PCURVE('',#1854,#1941);
#1941 = DEFINITIONAL_REPRESENTATION('',(#1942),#1946);
#1942 = LINE('',#1943,#1944);
#1943 = CARTESIAN_POINT('',(693.2,0.));
#1944 = VECTOR('',#1945,1.);
#1945 = DIRECTION('',(0.,-1.));
#1946 = ( GEOMETRIC_REPRESENTATION_CONTEXT(2) 
PARAMETRIC_REPRESENTATION_CONTEXT() REPRESENTATION_CONTEXT('2D SPACE',''
  ) );
#1947 = PCURVE('',#1948,#1953);
#1948 = PLANE('',#1949);
#1949 = AXIS2_PLACEMENT_3D('',#1950,#1951,#1952);
#1950 = CARTESIAN_POINT('',(-274.6,-274.6,286.6));
#1951 = DIRECTION('',(0.,0.,1.));
#1952 = DIRECTION('',(1.,0.,0.));
#1953 = DEFINITIONAL_REPRESENTATION('',(#1954),#1958);
#1954 = LINE('',#1955,#1956);
#1955 = CARTESIAN_POINT('',(0.,0.));
#1956 = VECTOR('',#1957,1.);
#1957 = DIRECTION('',(0.,1.));
#1958 = ( GEOMETRIC_REPRESENTATION_CONTEXT(2) 
PARAMETRIC_REPRESENTATION_CONTEXT() REPRESENTATION_CONTEXT('2D SPACE',''
  ) );
#1959 = ADVANCED_FACE('',(#1960),#1866,.F.);
#1960 = FACE_BOUND('',#1961,.F.);
#1961 = EDGE_LOOP('',(#1962,#1985,#1986,#2009));
#1962 = ORIENTED_EDGE('',*,*,#1963,.F.);
#1963 = EDGE_CURVE('',#1844,#1964,#1966,.T.);
#1964 = VERTEX_POINT('',#1965);
#1965 = CARTESIAN_POINT('',(274.6,-274.6,-406.6));
#1966 = SURFACE_CURVE('',#1967,(#1971,#1978),.PCURVE_S1.);
#1967 = LINE('',#1968,#1969);
#1968 = CARTESIAN_POINT('',(-274.6,-274.6,-406.6));
#1969 = VECTOR('',#1970,1.);
#1970 = DIRECTION('',(1.,0.,0.));
#1971 = PCURVE('',#1866,#1972);
#1972 = DEFINITIONAL_REPRESENTATION('',(#1973),#1977);
#1973 = LINE('',#1974,#1975);
#1974 = CARTESIAN_POINT('',(0.,0.));
#1975 = VECTOR('',#1976,1.);
#1976 = DIRECTION('',(0.,1.));
#1977 = ( GEOMETRIC_REPRESENTATION_CONTEXT(2) 
PARAMETRIC_REPRESENTATION_CONTEXT() REPRESENTATION_CONTEXT('2D SPACE',''
  ) );
#1978 = PCURVE('',#1894,#1979);
#1979 = DEFINITIONAL_REPRESENTATION('',(#1980),#1984);
#1980 = LINE('',#1981,#1982);
#1981 = CARTESIAN_POINT('',(0.,0.));
#1982 = VECTOR('',#1983,1.);
#1983 = DIRECTION('',(1.,0.));
#1984 = ( GEOMETRIC_REPRESENTATION_CONTEXT(2) 
PARAMETRIC_REPRESENTATION_CONTEXT() REPRESENTATION_CONTEXT('2D SPACE',''
  ) );
#1985 = ORIENTED_EDGE('',*,*,#1843,.T.);
#1986 = ORIENTED_EDGE('',*,*,#1987,.T.);
#1987 = EDGE_CURVE('',#1846,#1988,#1990,.T.);
#1988 = VERTEX_POINT('',#1989);
#1989 = CARTESIAN_POINT('',(274.6,-274.6,286.6));
#1990 = SURFACE_CURVE('',#1991,(#1995,#2002),.PCURVE_S1.);
#1991 = LINE('',#1992,#1993);
#1992 = CARTESIAN_POINT('',(-274.6,-274.6,286.6));
#1993 = VECTOR('',#1994,1.);
#1994 = DIRECTION('',(1.,0.,0.));
#1995 = PCURVE('',#1866,#1996);
#1996 = DEFINITIONAL_REPRESENTATION('',(#1997),#2001);
#1997 = LINE('',#1998,#1999);
#1998 = CARTESIAN_POINT('',(693.2,0.));
#1999 = VECTOR('',#2000,1.);
#2000 = DIRECTION('',(0.,1.));
#2001 = ( GEOMETRIC_REPRESENTATION_CONTEXT(2) 
PARAMETRIC_REPRESENTATION_CONTEXT() REPRESENTATION_CONTEXT('2D SPACE',''
  ) );
#2002 = PCURVE('',#1948,#2003);
#2003 = DEFINITIONAL_REPRESENTATION('',(#2004),#2008);
#2004 = LINE('',#2005,#2006);
#2005 = CARTESIAN_POINT('',(0.,0.));
#2006 = VECTOR('',#2007,1.);
#2007 = DIRECTION('',(1.,0.));
#2008 = ( GEOMETRIC_REPRESENTATION_CONTEXT(2) 
PARAMETRIC_REPRESENTATION_CONTEXT() REPRESENTATION_CONTEXT('2D SPACE',''
  ) );
#2009 = ORIENTED_EDGE('',*,*,#2010,.F.);
#2010 = EDGE_CURVE('',#1964,#1988,#2011,.T.);
#2011 = SURFACE_CURVE('',#2012,(#2016,#2023),.PCURVE_S1.);
#2012 = LINE('',#2013,#2014);
#2013 = CARTESIAN_POINT('',(274.6,-274.6,-406.6));
#2014 = VECTOR('',#2015,1.);
#2015 = DIRECTION('',(0.,0.,1.));
#2016 = PCURVE('',#1866,#2017);
#2017 = DEFINITIONAL_REPRESENTATION('',(#2018),#2022);
#2018 = LINE('',#2019,#2020);
#2019 = CARTESIAN_POINT('',(0.,549.2));
#2020 = VECTOR('',#2021,1.);
#2021 = DIRECTION('',(1.,0.));
#2022 = ( GEOMETRIC_REPRESENTATION_CONTEXT(2) 
PARAMETRIC_REPRESENTATION_CONTEXT() REPRESENTATION_CONTEXT('2D SPACE',''
  ) );
#2023 = PCURVE('',#2024,#2029);
#2024 = PLANE('',#2025);
#2025 = AXIS2_PLACEMENT_3D('',#2026,#2027,#2028);
#2026 = CARTESIAN_POINT('',(274.6,-274.6,-406.6));
#2027 = DIRECTION('',(1.,0.,0.));
#2028 = DIRECTION('',(0.,0.,1.));
#2029 = DEFINITIONAL_REPRESENTATION('',(#2030),#2034);
#2030 = LINE('',#2031,#2032);
#2031 = CARTESIAN_POINT('',(0.,0.));
#2032 = VECTOR('',#2033,1.);
#2033 = DIRECTION('',(1.,0.));
#2034 = ( GEOMETRIC_REPRESENTATION_CONTEXT(2) 
PARAMETRIC_REPRESENTATION_CONTEXT() REPRESENTATION_CONTEXT('2D SPACE',''
  ) );
#2035 = ADVANCED_FACE('',(#2036,#2084),#1948,.T.);
#2036 = FACE_BOUND('',#2037,.T.);
#2037 = EDGE_LOOP('',(#2038,#2039,#2040,#2063));
#2038 = ORIENTED_EDGE('',*,*,#1934,.F.);
#2039 = ORIENTED_EDGE('',*,*,#1987,.T.);
#2040 = ORIENTED_EDGE('',*,*,#2041,.T.);
#2041 = EDGE_CURVE('',#1988,#2042,#2044,.T.);
#2042 = VERTEX_POINT('',#2043);
#2043 = CARTESIAN_POINT('',(274.6,274.6,286.6));
#2044 = SURFACE_CURVE('',#2045,(#2049,#2056),.PCURVE_S1.);
#2045 = LINE('',#2046,#2047);
#2046 = CARTESIAN_POINT('',(274.6,-274.6,286.6));
#2047 = VECTOR('',#2048,1.);
#2048 = DIRECTION('',(0.,1.,0.));
#2049 = PCURVE('',#1948,#2050);
#2050 = DEFINITIONAL_REPRESENTATION('',(#2051),#2055);
#2051 = LINE('',#2052,#2053);
#2052 = CARTESIAN_POINT('',(549.2,0.));
#2053 = VECTOR('',#2054,1.);
#2054 = DIRECTION('',(0.,1.));
#2055 = ( GEOMETRIC_REPRESENTATION_CONTEXT(2) 
PARAMETRIC_REPRESENTATION_CONTEXT() REPRESENTATION_CONTEXT('2D SPACE',''
  ) );
#2056 = PCURVE('',#2024,#2057);
#2057 = DEFINITIONAL_REPRESENTATION('',(#2058),#2062);
#2058 = LINE('',#2059,#2060);
#2059 = CARTESIAN_POINT('',(693.2,0.));
#2060 = VECTOR('',#2061,1.);
#2061 = DIRECTION('',(0.,-1.));
#2062 = ( GEOMETRIC_REPRESENTATION_CONTEXT(2) 
PARAMETRIC_REPRESENTATION_CONTEXT() REPRESENTATION_CONTEXT('2D SPACE',''
  ) );
#2063 = ORIENTED_EDGE('',*,*,#2064,.F.);
#2064 = EDGE_CURVE('',#1907,#2042,#2065,.T.);
#2065 = SURFACE_CURVE('',#2066,(#2070,#2077),.PCURVE_S1.);
#2066 = LINE('',#2067,#2068);
#2067 = CARTESIAN_POINT('',(-274.6,274.6,286.6));
#2068 = VECTOR('',#2069,1.);
#2069 = DIRECTION('',(1.,0.,0.));
#2070 = PCURVE('',#1948,#2071);
#2071 = DEFINITIONAL_REPRESENTATION('',(#2072),#2076);
#2072 = LINE('',#2073,#2074);
#2073 = CARTESIAN_POINT('',(0.,549.2));
#2074 = VECTOR('',#2075,1.);
#2075 = DIRECTION('',(1.,0.));
#2076 = ( GEOMETRIC_REPRESENTATION_CONTEXT(2) 
PARAMETRIC_REPRESENTATION_CONTEXT() REPRESENTATION_CONTEXT('2D SPACE',''
  ) );
#2077 = PCURVE('',#1922,#2078);
#2078 = DEFINITIONAL_REPRESENTATION('',(#2079),#2083);
#2079 = LINE('',#2080,#2081);
#2080 = CARTESIAN_POINT('',(693.2,0.));
#2081 = VECTOR('',#2082,1.);
#2082 = DIRECTION('',(0.,1.));
#2083 = ( GEOMETRIC_REPRESENTATION_CONTEXT(2) 
PARAMETRIC_REPRESENTATION_CONTEXT() REPRESENTATION_CONTEXT('2D SPACE',''
  ) );
#2084 = FACE_BOUND('',#2085,.T.);
#2085 = EDGE_LOOP('',(#2086,#2116,#2144,#2172));
#2086 = ORIENTED_EDGE('',*,*,#2087,.T.);
#2087 = EDGE_CURVE('',#2088,#2090,#2092,.T.);
#2088 = VERTEX_POINT('',#2089);
#2089 = CARTESIAN_POINT('',(175.1,-175.1,286.6));
#2090 = VERTEX_POINT('',#2091);
#2091 = CARTESIAN_POINT('',(-175.1,-175.1,286.6));
#2092 = SURFACE_CURVE('',#2093,(#2097,#2104),.PCURVE_S1.);
#2093 = LINE('',#2094,#2095);
#2094 = CARTESIAN_POINT('',(-224.85,-175.1,286.6));
#2095 = VECTOR('',#2096,1.);
#2096 = DIRECTION('',(-1.,0.,0.));
#2097 = PCURVE('',#1948,#2098);
#2098 = DEFINITIONAL_REPRESENTATION('',(#2099),#2103);
#2099 = LINE('',#2100,#2101);
#2100 = CARTESIAN_POINT('',(49.75,99.5));
#2101 = VECTOR('',#2102,1.);
#2102 = DIRECTION('',(-1.,0.));
#2103 = ( GEOMETRIC_REPRESENTATION_CONTEXT(2) 
PARAMETRIC_REPRESENTATION_CONTEXT() REPRESENTATION_CONTEXT('2D SPACE',''
  ) );
#2104 = PCURVE('',#2105,#2110);
#2105 = PLANE('',#2106);
#2106 = AXIS2_PLACEMENT_3D('',#2107,#2108,#2109);
#2107 = CARTESIAN_POINT('',(-175.1,-175.1,-307.1));
#2108 = DIRECTION('',(0.,1.,0.));
#2109 = DIRECTION('',(0.,0.,1.));
#2110 = DEFINITIONAL_REPRESENTATION('',(#2111),#2115);
#2111 = LINE('',#2112,#2113);
#2112 = CARTESIAN_POINT('',(593.7,-49.75));
#2113 = VECTOR('',#2114,1.);
#2114 = DIRECTION('',(0.,-1.));
#2115 = ( GEOMETRIC_REPRESENTATION_CONTEXT(2) 
PARAMETRIC_REPRESENTATION_CONTEXT() REPRESENTATION_CONTEXT('2D SPACE',''
  ) );
#2116 = ORIENTED_EDGE('',*,*,#2117,.T.);
#2117 = EDGE_CURVE('',#2090,#2118,#2120,.T.);
#2118 = VERTEX_POINT('',#2119);
#2119 = CARTESIAN_POINT('',(-175.1,175.1,286.6));
#2120 = SURFACE_CURVE('',#2121,(#2125,#2132),.PCURVE_S1.);
#2121 = LINE('',#2122,#2123);
#2122 = CARTESIAN_POINT('',(-175.1,-224.85,286.6));
#2123 = VECTOR('',#2124,1.);
#2124 = DIRECTION('',(0.,1.,0.));
#2125 = PCURVE('',#1948,#2126);
#2126 = DEFINITIONAL_REPRESENTATION('',(#2127),#2131);
#2127 = LINE('',#2128,#2129);
#2128 = CARTESIAN_POINT('',(99.5,49.75));
#2129 = VECTOR('',#2130,1.);
#2130 = DIRECTION('',(0.,1.));
#2131 = ( GEOMETRIC_REPRESENTATION_CONTEXT(2) 
PARAMETRIC_REPRESENTATION_CONTEXT() REPRESENTATION_CONTEXT('2D SPACE',''
  ) );
#2132 = PCURVE('',#2133,#2138);
#2133 = PLANE('',#2134);
#2134 = AXIS2_PLACEMENT_3D('',#2135,#2136,#2137);
#2135 = CARTESIAN_POINT('',(-175.1,-175.1,-307.1));
#2136 = DIRECTION('',(1.,0.,0.));
#2137 = DIRECTION('',(0.,0.,1.));
#2138 = DEFINITIONAL_REPRESENTATION('',(#2139),#2143);
#2139 = LINE('',#2140,#2141);
#2140 = CARTESIAN_POINT('',(593.7,49.75));
#2141 = VECTOR('',#2142,1.);
#2142 = DIRECTION('',(0.,-1.));
#2143 = ( GEOMETRIC_REPRESENTATION_CONTEXT(2) 
PARAMETRIC_REPRESENTATION_CONTEXT() REPRESENTATION_CONTEXT('2D SPACE',''
  ) );
#2144 = ORIENTED_EDGE('',*,*,#2145,.F.);
#2145 = EDGE_CURVE('',#2146,#2118,#2148,.T.);
#2146 = VERTEX_POINT('',#2147);
#2147 = CARTESIAN_POINT('',(175.1,175.1,286.6));
#2148 = SURFACE_CURVE('',#2149,(#2153,#2160),.PCURVE_S1.);
#2149 = LINE('',#2150,#2151);
#2150 = CARTESIAN_POINT('',(-224.85,175.1,286.6));
#2151 = VECTOR('',#2152,1.);
#2152 = DIRECTION('',(-1.,0.,0.));
#2153 = PCURVE('',#1948,#2154);
#2154 = DEFINITIONAL_REPRESENTATION('',(#2155),#2159);
#2155 = LINE('',#2156,#2157);
#2156 = CARTESIAN_POINT('',(49.75,449.7));
#2157 = VECTOR('',#2158,1.);
#2158 = DIRECTION('',(-1.,0.));
#2159 = ( GEOMETRIC_REPRESENTATION_CONTEXT(2) 
PARAMETRIC_REPRESENTATION_CONTEXT() REPRESENTATION_CONTEXT('2D SPACE',''
  ) );
#2160 = PCURVE('',#2161,#2166);
#2161 = PLANE('',#2162);
#2162 = AXIS2_PLACEMENT_3D('',#2163,#2164,#2165);
#2163 = CARTESIAN_POINT('',(-175.1,175.1,-307.1));
#2164 = DIRECTION('',(0.,1.,0.));
#2165 = DIRECTION('',(0.,0.,1.));
#2166 = DEFINITIONAL_REPRESENTATION('',(#2167),#2171);
#2167 = LINE('',#2168,#2169);
#2168 = CARTESIAN_POINT('',(593.7,-49.75));
#2169 = VECTOR('',#2170,1.);
#2170 = DIRECTION('',(0.,-1.));
#2171 = ( GEOMETRIC_REPRESENTATION_CONTEXT(2) 
PARAMETRIC_REPRESENTATION_CONTEXT() REPRESENTATION_CONTEXT('2D SPACE',''
  ) );
#2172 = ORIENTED_EDGE('',*,*,#2173,.F.);
#2173 = EDGE_CURVE('',#2088,#2146,#2174,.T.);
#2174 = SURFACE_CURVE('',#2175,(#2179,#2186),.PCURVE_S1.);
#2175 = LINE('',#2176,#2177);
#2176 = CARTESIAN_POINT('',(175.1,-224.85,286.6));
#2177 = VECTOR('',#2178,1.);
#2178 = DIRECTION('',(0.,1.,0.));
#2179 = PCURVE('',#1948,#2180);
#2180 = DEFINITIONAL_REPRESENTATION('',(#2181),#2185);
#2181 = LINE('',#2182,#2183);
#2182 = CARTESIAN_POINT('',(449.7,49.75));
#2183 = VECTOR('',#2184,1.);
#2184 = DIRECTION('',(0.,1.));
#2185 = ( GEOMETRIC_REPRESENTATION_CONTEXT(2) 
PARAMETRIC_REPRESENTATION_CONTEXT() REPRESENTATION_CONTEXT('2D SPACE',''
  ) );
#2186 = PCURVE('',#2187,#2192);
#2187 = PLANE('',#2188);
#2188 = AXIS2_PLACEMENT_3D('',#2189,#2190,#2191);
#2189 = CARTESIAN_POINT('',(175.1,-175.1,-307.1));
#2190 = DIRECTION('',(1.,0.,0.));
#2191 = DIRECTION('',(0.,0.,1.));
#2192 = DEFINITIONAL_REPRESENTATION('',(#2193),#2197);
#2193 = LINE('',#2194,#2195);
#2194 = CARTESIAN_POINT('',(593.7,49.75));
#2195 = VECTOR('',#2196,1.);
#2196 = DIRECTION('',(0.,-1.));
#2197 = ( GEOMETRIC_REPRESENTATION_CONTEXT(2) 
PARAMETRIC_REPRESENTATION_CONTEXT() REPRESENTATION_CONTEXT('2D SPACE',''
  ) );
#2198 = ADVANCED_FACE('',(#2199),#1922,.T.);
#2199 = FACE_BOUND('',#2200,.T.);
#2200 = EDGE_LOOP('',(#2201,#2224,#2225,#2226));
#2201 = ORIENTED_EDGE('',*,*,#2202,.F.);
#2202 = EDGE_CURVE('',#1879,#2203,#2205,.T.);
#2203 = VERTEX_POINT('',#2204);
#2204 = CARTESIAN_POINT('',(274.6,274.6,-406.6));
#2205 = SURFACE_CURVE('',#2206,(#2210,#2217),.PCURVE_S1.);
#2206 = LINE('',#2207,#2208);
#2207 = CARTESIAN_POINT('',(-274.6,274.6,-406.6));
#2208 = VECTOR('',#2209,1.);
#2209 = DIRECTION('',(1.,0.,0.));
#2210 = PCURVE('',#1922,#2211);
#2211 = DEFINITIONAL_REPRESENTATION('',(#2212),#2216);
#2212 = LINE('',#2213,#2214);
#2213 = CARTESIAN_POINT('',(0.,0.));
#2214 = VECTOR('',#2215,1.);
#2215 = DIRECTION('',(0.,1.));
#2216 = ( GEOMETRIC_REPRESENTATION_CONTEXT(2) 
PARAMETRIC_REPRESENTATION_CONTEXT() REPRESENTATION_CONTEXT('2D SPACE',''
  ) );
#2217 = PCURVE('',#1894,#2218);
#2218 = DEFINITIONAL_REPRESENTATION('',(#2219),#2223);
#2219 = LINE('',#2220,#2221);
#2220 = CARTESIAN_POINT('',(0.,549.2));
#2221 = VECTOR('',#2222,1.);
#2222 = DIRECTION('',(1.,0.));
#2223 = ( GEOMETRIC_REPRESENTATION_CONTEXT(2) 
PARAMETRIC_REPRESENTATION_CONTEXT() REPRESENTATION_CONTEXT('2D SPACE',''
  ) );
#2224 = ORIENTED_EDGE('',*,*,#1906,.T.);
#2225 = ORIENTED_EDGE('',*,*,#2064,.T.);
#2226 = ORIENTED_EDGE('',*,*,#2227,.F.);
#2227 = EDGE_CURVE('',#2203,#2042,#2228,.T.);
#2228 = SURFACE_CURVE('',#2229,(#2233,#2240),.PCURVE_S1.);
#2229 = LINE('',#2230,#2231);
#2230 = CARTESIAN_POINT('',(274.6,274.6,-406.6));
#2231 = VECTOR('',#2232,1.);
#2232 = DIRECTION('',(0.,0.,1.));
#2233 = PCURVE('',#1922,#2234);
#2234 = DEFINITIONAL_REPRESENTATION('',(#2235),#2239);
#2235 = LINE('',#2236,#2237);
#2236 = CARTESIAN_POINT('',(0.,549.2));
#2237 = VECTOR('',#2238,1.);
#2238 = DIRECTION('',(1.,0.));
#2239 = ( GEOMETRIC_REPRESENTATION_CONTEXT(2) 
PARAMETRIC_REPRESENTATION_CONTEXT() REPRESENTATION_CONTEXT('2D SPACE',''
  ) );
#2240 = PCURVE('',#2024,#2241);
#2241 = DEFINITIONAL_REPRESENTATION('',(#2242),#2246);
#2242 = LINE('',#2243,#2244);
#2243 = CARTESIAN_POINT('',(0.,-549.2));
#2244 = VECTOR('',#2245,1.);
#2245 = DIRECTION('',(1.,0.));
#2246 = ( GEOMETRIC_REPRESENTATION_CONTEXT(2) 
PARAMETRIC_REPRESENTATION_CONTEXT() REPRESENTATION_CONTEXT('2D SPACE',''
  ) );
#2247 = ADVANCED_FACE('',(#2248),#1894,.F.);
#2248 = FACE_BOUND('',#2249,.F.);
#2249 = EDGE_LOOP('',(#2250,#2251,#2252,#2273));
#2250 = ORIENTED_EDGE('',*,*,#1878,.F.);
#2251 = ORIENTED_EDGE('',*,*,#1963,.T.);
#2252 = ORIENTED_EDGE('',*,*,#2253,.T.);
#2253 = EDGE_CURVE('',#1964,#2203,#2254,.T.);
#2254 = SURFACE_CURVE('',#2255,(#2259,#2266),.PCURVE_S1.);
#2255 = LINE('',#2256,#2257);
#2256 = CARTESIAN_POINT('',(274.6,-274.6,-406.6));
#2257 = VECTOR('',#2258,1.);
#2258 = DIRECTION('',(0.,1.,0.));
#2259 = PCURVE('',#1894,#2260);
#2260 = DEFINITIONAL_REPRESENTATION('',(#2261),#2265);
#2261 = LINE('',#2262,#2263);
#2262 = CARTESIAN_POINT('',(549.2,0.));
#2263 = VECTOR('',#2264,1.);
#2264 = DIRECTION('',(0.,1.));
#2265 = ( GEOMETRIC_REPRESENTATION_CONTEXT(2) 
PARAMETRIC_REPRESENTATION_CONTEXT() REPRESENTATION_CONTEXT('2D SPACE',''
  ) );
#2266 = PCURVE('',#2024,#2267);
#2267 = DEFINITIONAL_REPRESENTATION('',(#2268),#2272);
#2268 = LINE('',#2269,#2270);
#2269 = CARTESIAN_POINT('',(0.,0.));
#2270 = VECTOR('',#2271,1.);
#2271 = DIRECTION('',(0.,-1.));
#2272 = ( GEOMETRIC_REPRESENTATION_CONTEXT(2) 
PARAMETRIC_REPRESENTATION_CONTEXT() REPRESENTATION_CONTEXT('2D SPACE',''
  ) );
#2273 = ORIENTED_EDGE('',*,*,#2202,.F.);
#2274 = ADVANCED_FACE('',(#2275),#2024,.T.);
#2275 = FACE_BOUND('',#2276,.T.);
#2276 = EDGE_LOOP('',(#2277,#2278,#2279,#2280));
#2277 = ORIENTED_EDGE('',*,*,#2010,.F.);
#2278 = ORIENTED_EDGE('',*,*,#2253,.T.);
#2279 = ORIENTED_EDGE('',*,*,#2227,.T.);
#2280 = ORIENTED_EDGE('',*,*,#2041,.F.);
#2281 = ADVANCED_FACE('',(#2282),#2105,.T.);
#2282 = FACE_BOUND('',#2283,.T.);
#2283 = EDGE_LOOP('',(#2284,#2307,#2335,#2356));
#2284 = ORIENTED_EDGE('',*,*,#2285,.F.);
#2285 = EDGE_CURVE('',#2286,#2088,#2288,.T.);
#2286 = VERTEX_POINT('',#2287);
#2287 = CARTESIAN_POINT('',(175.1,-175.1,-307.1));
#2288 = SURFACE_CURVE('',#2289,(#2293,#2300),.PCURVE_S1.);
#2289 = LINE('',#2290,#2291);
#2290 = CARTESIAN_POINT('',(175.1,-175.1,-307.1));
#2291 = VECTOR('',#2292,1.);
#2292 = DIRECTION('',(0.,0.,1.));
#2293 = PCURVE('',#2105,#2294);
#2294 = DEFINITIONAL_REPRESENTATION('',(#2295),#2299);
#2295 = LINE('',#2296,#2297);
#2296 = CARTESIAN_POINT('',(0.,350.2));
#2297 = VECTOR('',#2298,1.);
#2298 = DIRECTION('',(1.,0.));
#2299 = ( GEOMETRIC_REPRESENTATION_CONTEXT(2) 
PARAMETRIC_REPRESENTATION_CONTEXT() REPRESENTATION_CONTEXT('2D SPACE',''
  ) );
#2300 = PCURVE('',#2187,#2301);
#2301 = DEFINITIONAL_REPRESENTATION('',(#2302),#2306);
#2302 = LINE('',#2303,#2304);
#2303 = CARTESIAN_POINT('',(0.,0.));
#2304 = VECTOR('',#2305,1.);
#2305 = DIRECTION('',(1.,0.));
#2306 = ( GEOMETRIC_REPRESENTATION_CONTEXT(2) 
PARAMETRIC_REPRESENTATION_CONTEXT() REPRESENTATION_CONTEXT('2D SPACE',''
  ) );
#2307 = ORIENTED_EDGE('',*,*,#2308,.F.);
#2308 = EDGE_CURVE('',#2309,#2286,#2311,.T.);
#2309 = VERTEX_POINT('',#2310);
#2310 = CARTESIAN_POINT('',(-175.1,-175.1,-307.1));
#2311 = SURFACE_CURVE('',#2312,(#2316,#2323),.PCURVE_S1.);
#2312 = LINE('',#2313,#2314);
#2313 = CARTESIAN_POINT('',(-175.1,-175.1,-307.1));
#2314 = VECTOR('',#2315,1.);
#2315 = DIRECTION('',(1.,0.,0.));
#2316 = PCURVE('',#2105,#2317);
#2317 = DEFINITIONAL_REPRESENTATION('',(#2318),#2322);
#2318 = LINE('',#2319,#2320);
#2319 = CARTESIAN_POINT('',(0.,0.));
#2320 = VECTOR('',#2321,1.);
#2321 = DIRECTION('',(0.,1.));
#2322 = ( GEOMETRIC_REPRESENTATION_CONTEXT(2) 
PARAMETRIC_REPRESENTATION_CONTEXT() REPRESENTATION_CONTEXT('2D SPACE',''
  ) );
#2323 = PCURVE('',#2324,#2329);
#2324 = PLANE('',#2325);
#2325 = AXIS2_PLACEMENT_3D('',#2326,#2327,#2328);
#2326 = CARTESIAN_POINT('',(-175.1,-175.1,-307.1));
#2327 = DIRECTION('',(0.,0.,1.));
#2328 = DIRECTION('',(1.,0.,0.));
#2329 = DEFINITIONAL_REPRESENTATION('',(#2330),#2334);
#2330 = LINE('',#2331,#2332);
#2331 = CARTESIAN_POINT('',(0.,0.));
#2332 = VECTOR('',#2333,1.);
#2333 = DIRECTION('',(1.,0.));
#2334 = ( GEOMETRIC_REPRESENTATION_CONTEXT(2) 
PARAMETRIC_REPRESENTATION_CONTEXT() REPRESENTATION_CONTEXT('2D SPACE',''
  ) );
#2335 = ORIENTED_EDGE('',*,*,#2336,.T.);
#2336 = EDGE_CURVE('',#2309,#2090,#2337,.T.);
#2337 = SURFACE_CURVE('',#2338,(#2342,#2349),.PCURVE_S1.);
#2338 = LINE('',#2339,#2340);
#2339 = CARTESIAN_POINT('',(-175.1,-175.1,-307.1));
#2340 = VECTOR('',#2341,1.);
#2341 = DIRECTION('',(0.,0.,1.));
#2342 = PCURVE('',#2105,#2343);
#2343 = DEFINITIONAL_REPRESENTATION('',(#2344),#2348);
#2344 = LINE('',#2345,#2346);
#2345 = CARTESIAN_POINT('',(0.,0.));
#2346 = VECTOR('',#2347,1.);
#2347 = DIRECTION('',(1.,0.));
#2348 = ( GEOMETRIC_REPRESENTATION_CONTEXT(2) 
PARAMETRIC_REPRESENTATION_CONTEXT() REPRESENTATION_CONTEXT('2D SPACE',''
  ) );
#2349 = PCURVE('',#2133,#2350);
#2350 = DEFINITIONAL_REPRESENTATION('',(#2351),#2355);
#2351 = LINE('',#2352,#2353);
#2352 = CARTESIAN_POINT('',(0.,0.));
#2353 = VECTOR('',#2354,1.);
#2354 = DIRECTION('',(1.,0.));
#2355 = ( GEOMETRIC_REPRESENTATION_CONTEXT(2) 
PARAMETRIC_REPRESENTATION_CONTEXT() REPRESENTATION_CONTEXT('2D SPACE',''
  ) );
#2356 = ORIENTED_EDGE('',*,*,#2087,.F.);
#2357 = ADVANCED_FACE('',(#2358),#2187,.F.);
#2358 = FACE_BOUND('',#2359,.F.);
#2359 = EDGE_LOOP('',(#2360,#2361,#2384,#2405));
#2360 = ORIENTED_EDGE('',*,*,#2285,.F.);
#2361 = ORIENTED_EDGE('',*,*,#2362,.T.);
#2362 = EDGE_CURVE('',#2286,#2363,#2365,.T.);
#2363 = VERTEX_POINT('',#2364);
#2364 = CARTESIAN_POINT('',(175.1,175.1,-307.1));
#2365 = SURFACE_CURVE('',#2366,(#2370,#2377),.PCURVE_S1.);
#2366 = LINE('',#2367,#2368);
#2367 = CARTESIAN_POINT('',(175.1,-175.1,-307.1));
#2368 = VECTOR('',#2369,1.);
#2369 = DIRECTION('',(0.,1.,0.));
#2370 = PCURVE('',#2187,#2371);
#2371 = DEFINITIONAL_REPRESENTATION('',(#2372),#2376);
#2372 = LINE('',#2373,#2374);
#2373 = CARTESIAN_POINT('',(0.,0.));
#2374 = VECTOR('',#2375,1.);
#2375 = DIRECTION('',(0.,-1.));
#2376 = ( GEOMETRIC_REPRESENTATION_CONTEXT(2) 
PARAMETRIC_REPRESENTATION_CONTEXT() REPRESENTATION_CONTEXT('2D SPACE',''
  ) );
#2377 = PCURVE('',#2324,#2378);
#2378 = DEFINITIONAL_REPRESENTATION('',(#2379),#2383);
#2379 = LINE('',#2380,#2381);
#2380 = CARTESIAN_POINT('',(350.2,0.));
#2381 = VECTOR('',#2382,1.);
#2382 = DIRECTION('',(0.,1.));
#2383 = ( GEOMETRIC_REPRESENTATION_CONTEXT(2) 
PARAMETRIC_REPRESENTATION_CONTEXT() REPRESENTATION_CONTEXT('2D SPACE',''
  ) );
#2384 = ORIENTED_EDGE('',*,*,#2385,.F.);
#2385 = EDGE_CURVE('',#2146,#2363,#2386,.T.);
#2386 = SURFACE_CURVE('',#2387,(#2391,#2398),.PCURVE_S1.);
#2387 = LINE('',#2388,#2389);
#2388 = CARTESIAN_POINT('',(175.1,175.1,879.3));
#2389 = VECTOR('',#2390,1.);
#2390 = DIRECTION('',(0.,0.,-1.));
#2391 = PCURVE('',#2187,#2392);
#2392 = DEFINITIONAL_REPRESENTATION('',(#2393),#2397);
#2393 = LINE('',#2394,#2395);
#2394 = CARTESIAN_POINT('',(1.1864E+03,-350.2));
#2395 = VECTOR('',#2396,1.);
#2396 = DIRECTION('',(-1.,0.));
#2397 = ( GEOMETRIC_REPRESENTATION_CONTEXT(2) 
PARAMETRIC_REPRESENTATION_CONTEXT() REPRESENTATION_CONTEXT('2D SPACE',''
  ) );
#2398 = PCURVE('',#2161,#2399);
#2399 = DEFINITIONAL_REPRESENTATION('',(#2400),#2404);
#2400 = LINE('',#2401,#2402);
#2401 = CARTESIAN_POINT('',(1.1864E+03,350.2));
#2402 = VECTOR('',#2403,1.);
#2403 = DIRECTION('',(-1.,0.));
#2404 = ( GEOMETRIC_REPRESENTATION_CONTEXT(2) 
PARAMETRIC_REPRESENTATION_CONTEXT() REPRESENTATION_CONTEXT('2D SPACE',''
  ) );
#2405 = ORIENTED_EDGE('',*,*,#2173,.F.);
#2406 = ADVANCED_FACE('',(#2407),#2161,.F.);
#2407 = FACE_BOUND('',#2408,.F.);
#2408 = EDGE_LOOP('',(#2409,#2410,#2433,#2454));
#2409 = ORIENTED_EDGE('',*,*,#2385,.T.);
#2410 = ORIENTED_EDGE('',*,*,#2411,.F.);
#2411 = EDGE_CURVE('',#2412,#2363,#2414,.T.);
#2412 = VERTEX_POINT('',#2413);
#2413 = CARTESIAN_POINT('',(-175.1,175.1,-307.1));
#2414 = SURFACE_CURVE('',#2415,(#2419,#2426),.PCURVE_S1.);
#2415 = LINE('',#2416,#2417);
#2416 = CARTESIAN_POINT('',(-175.1,175.1,-307.1));
#2417 = VECTOR('',#2418,1.);
#2418 = DIRECTION('',(1.,0.,0.));
#2419 = PCURVE('',#2161,#2420);
#2420 = DEFINITIONAL_REPRESENTATION('',(#2421),#2425);
#2421 = LINE('',#2422,#2423);
#2422 = CARTESIAN_POINT('',(0.,0.));
#2423 = VECTOR('',#2424,1.);
#2424 = DIRECTION('',(0.,1.));
#2425 = ( GEOMETRIC_REPRESENTATION_CONTEXT(2) 
PARAMETRIC_REPRESENTATION_CONTEXT() REPRESENTATION_CONTEXT('2D SPACE',''
  ) );
#2426 = PCURVE('',#2324,#2427);
#2427 = DEFINITIONAL_REPRESENTATION('',(#2428),#2432);
#2428 = LINE('',#2429,#2430);
#2429 = CARTESIAN_POINT('',(0.,350.2));
#2430 = VECTOR('',#2431,1.);
#2431 = DIRECTION('',(1.,0.));
#2432 = ( GEOMETRIC_REPRESENTATION_CONTEXT(2) 
PARAMETRIC_REPRESENTATION_CONTEXT() REPRESENTATION_CONTEXT('2D SPACE',''
  ) );
#2433 = ORIENTED_EDGE('',*,*,#2434,.F.);
#2434 = EDGE_CURVE('',#2118,#2412,#2435,.T.);
#2435 = SURFACE_CURVE('',#2436,(#2440,#2447),.PCURVE_S1.);
#2436 = LINE('',#2437,#2438);
#2437 = CARTESIAN_POINT('',(-175.1,175.1,879.3));
#2438 = VECTOR('',#2439,1.);
#2439 = DIRECTION('',(0.,0.,-1.));
#2440 = PCURVE('',#2161,#2441);
#2441 = DEFINITIONAL_REPRESENTATION('',(#2442),#2446);
#2442 = LINE('',#2443,#2444);
#2443 = CARTESIAN_POINT('',(1.1864E+03,0.));
#2444 = VECTOR('',#2445,1.);
#2445 = DIRECTION('',(-1.,0.));
#2446 = ( GEOMETRIC_REPRESENTATION_CONTEXT(2) 
PARAMETRIC_REPRESENTATION_CONTEXT() REPRESENTATION_CONTEXT('2D SPACE',''
  ) );
#2447 = PCURVE('',#2133,#2448);
#2448 = DEFINITIONAL_REPRESENTATION('',(#2449),#2453);
#2449 = LINE('',#2450,#2451);
#2450 = CARTESIAN_POINT('',(1.1864E+03,-350.2));
#2451 = VECTOR('',#2452,1.);
#2452 = DIRECTION('',(-1.,0.));
#2453 = ( GEOMETRIC_REPRESENTATION_CONTEXT(2) 
PARAMETRIC_REPRESENTATION_CONTEXT() REPRESENTATION_CONTEXT('2D SPACE',''
  ) );
#2454 = ORIENTED_EDGE('',*,*,#2145,.F.);
#2455 = ADVANCED_FACE('',(#2456),#2133,.T.);
#2456 = FACE_BOUND('',#2457,.T.);
#2457 = EDGE_LOOP('',(#2458,#2459,#2480,#2481));
#2458 = ORIENTED_EDGE('',*,*,#2336,.F.);
#2459 = ORIENTED_EDGE('',*,*,#2460,.T.);
#2460 = EDGE_CURVE('',#2309,#2412,#2461,.T.);
#2461 = SURFACE_CURVE('',#2462,(#2466,#2473),.PCURVE_S1.);
#2462 = LINE('',#2463,#2464);
#2463 = CARTESIAN_POINT('',(-175.1,-175.1,-307.1));
#2464 = VECTOR('',#2465,1.);
#2465 = DIRECTION('',(0.,1.,0.));
#2466 = PCURVE('',#2133,#2467);
#2467 = DEFINITIONAL_REPRESENTATION('',(#2468),#2472);
#2468 = LINE('',#2469,#2470);
#2469 = CARTESIAN_POINT('',(0.,0.));
#2470 = VECTOR('',#2471,1.);
#2471 = DIRECTION('',(0.,-1.));
#2472 = ( GEOMETRIC_REPRESENTATION_CONTEXT(2) 
PARAMETRIC_REPRESENTATION_CONTEXT() REPRESENTATION_CONTEXT('2D SPACE',''
  ) );
#2473 = PCURVE('',#2324,#2474);
#2474 = DEFINITIONAL_REPRESENTATION('',(#2475),#2479);
#2475 = LINE('',#2476,#2477);
#2476 = CARTESIAN_POINT('',(0.,0.));
#2477 = VECTOR('',#2478,1.);
#2478 = DIRECTION('',(0.,1.));
#2479 = ( GEOMETRIC_REPRESENTATION_CONTEXT(2) 
PARAMETRIC_REPRESENTATION_CONTEXT() REPRESENTATION_CONTEXT('2D SPACE',''
  ) );
#2480 = ORIENTED_EDGE('',*,*,#2434,.F.);
#2481 = ORIENTED_EDGE('',*,*,#2117,.F.);
#2482 = ADVANCED_FACE('',(#2483),#2324,.T.);
#2483 = FACE_BOUND('',#2484,.T.);
#2484 = EDGE_LOOP('',(#2485,#2486,#2487,#2488));
#2485 = ORIENTED_EDGE('',*,*,#2460,.F.);
#2486 = ORIENTED_EDGE('',*,*,#2308,.T.);
#2487 = ORIENTED_EDGE('',*,*,#2362,.T.);
#2488 = ORIENTED_EDGE('',*,*,#2411,.F.);
#2489 = ( GEOMETRIC_REPRESENTATION_CONTEXT(3) 
GLOBAL_UNCERTAINTY_ASSIGNED_CONTEXT((#2493)) 
GLOBAL_UNIT_ASSIGNED_CONTEXT((#2490,#2491,#2492)) REPRESENTATION_CONTEXT
('Context #1','3D Context with UNIT and UNCERTAINTY') );
#2490 = ( LENGTH_UNIT() NAMED_UNIT(*) SI_UNIT(.MILLI.,.METRE.) );
#2491 = ( NAMED_UNIT(*) PLANE_ANGLE_UNIT() SI_UNIT($,.RADIAN.) );
#2492 = ( NAMED_UNIT(*) SI_UNIT($,.STERADIAN.) SOLID_ANGLE_UNIT() );
#2493 = UNCERTAINTY_MEASURE_WITH_UNIT(LENGTH_MEASURE(1.E-07),#2490,
  'distance_accuracy_value','confusion accuracy');
#2494 = CONTEXT_DEPENDENT_SHAPE_REPRESENTATION(#2495,#2497);
#2495 = ( REPRESENTATION_RELATIONSHIP('','',#1836,#10) 
REPRESENTATION_RELATIONSHIP_WITH_TRANSFORMATION(#2496) 
SHAPE_REPRESENTATION_RELATIONSHIP() );
#2496 = ITEM_DEFINED_TRANSFORMATION('','',#11,#47);
#2497 = PRODUCT_DEFINITION_SHAPE('Placement','Placement of an item',
  #2498);
#2498 = NEXT_ASSEMBLY_USAGE_OCCURRENCE('331','Pb_shield_10cm','',#5,
  #1831,$);
#2499 = PRODUCT_RELATED_PRODUCT_CATEGORY('part',$,(#1833));
#2500 = SHAPE_DEFINITION_REPRESENTATION(#2501,#2507);
#2501 = PRODUCT_DEFINITION_SHAPE('','',#2502);
#2502 = PRODUCT_DEFINITION('design','',#2503,#2506);
#2503 = PRODUCT_DEFINITION_FORMATION('','',#2504);
#2504 = PRODUCT('veto_5cm_5faces','veto_5cm_5faces','',(#2505));
#2505 = PRODUCT_CONTEXT('',#2,'mechanical');
#2506 = PRODUCT_DEFINITION_CONTEXT('part definition',#2,'design');
#2507 = ADVANCED_BREP_SHAPE_REPRESENTATION('',(#11,#2508),#3160);
#2508 = MANIFOLD_SOLID_BREP('',#2509);
#2509 = CLOSED_SHELL('',(#2510,#2630,#2706,#2869,#2918,#2945,#2952,#3028
    ,#3077,#3126,#3153));
#2510 = ADVANCED_FACE('',(#2511),#2525,.F.);
#2511 = FACE_BOUND('',#2512,.F.);
#2512 = EDGE_LOOP('',(#2513,#2548,#2576,#2604));
#2513 = ORIENTED_EDGE('',*,*,#2514,.F.);
#2514 = EDGE_CURVE('',#2515,#2517,#2519,.T.);
#2515 = VERTEX_POINT('',#2516);
#2516 = CARTESIAN_POINT('',(-324.6,-324.6,-456.6));
#2517 = VERTEX_POINT('',#2518);
#2518 = CARTESIAN_POINT('',(-324.6,-324.6,336.6));
#2519 = SURFACE_CURVE('',#2520,(#2524,#2536),.PCURVE_S1.);
#2520 = LINE('',#2521,#2522);
#2521 = CARTESIAN_POINT('',(-324.6,-324.6,-456.6));
#2522 = VECTOR('',#2523,1.);
#2523 = DIRECTION('',(0.,0.,1.));
#2524 = PCURVE('',#2525,#2530);
#2525 = PLANE('',#2526);
#2526 = AXIS2_PLACEMENT_3D('',#2527,#2528,#2529);
#2527 = CARTESIAN_POINT('',(-324.6,-324.6,-456.6));
#2528 = DIRECTION('',(1.,0.,0.));
#2529 = DIRECTION('',(0.,0.,1.));
#2530 = DEFINITIONAL_REPRESENTATION('',(#2531),#2535);
#2531 = LINE('',#2532,#2533);
#2532 = CARTESIAN_POINT('',(0.,0.));
#2533 = VECTOR('',#2534,1.);
#2534 = DIRECTION('',(1.,0.));
#2535 = ( GEOMETRIC_REPRESENTATION_CONTEXT(2) 
PARAMETRIC_REPRESENTATION_CONTEXT() REPRESENTATION_CONTEXT('2D SPACE',''
  ) );
#2536 = PCURVE('',#2537,#2542);
#2537 = PLANE('',#2538);
#2538 = AXIS2_PLACEMENT_3D('',#2539,#2540,#2541);
#2539 = CARTESIAN_POINT('',(-324.6,-324.6,-456.6));
#2540 = DIRECTION('',(0.,1.,0.));
#2541 = DIRECTION('',(0.,0.,1.));
#2542 = DEFINITIONAL_REPRESENTATION('',(#2543),#2547);
#2543 = LINE('',#2544,#2545);
#2544 = CARTESIAN_POINT('',(0.,0.));
#2545 = VECTOR('',#2546,1.);
#2546 = DIRECTION('',(1.,0.));
#2547 = ( GEOMETRIC_REPRESENTATION_CONTEXT(2) 
PARAMETRIC_REPRESENTATION_CONTEXT() REPRESENTATION_CONTEXT('2D SPACE',''
  ) );
#2548 = ORIENTED_EDGE('',*,*,#2549,.T.);
#2549 = EDGE_CURVE('',#2515,#2550,#2552,.T.);
#2550 = VERTEX_POINT('',#2551);
#2551 = CARTESIAN_POINT('',(-324.6,324.6,-456.6));
#2552 = SURFACE_CURVE('',#2553,(#2557,#2564),.PCURVE_S1.);
#2553 = LINE('',#2554,#2555);
#2554 = CARTESIAN_POINT('',(-324.6,-324.6,-456.6));
#2555 = VECTOR('',#2556,1.);
#2556 = DIRECTION('',(0.,1.,0.));
#2557 = PCURVE('',#2525,#2558);
#2558 = DEFINITIONAL_REPRESENTATION('',(#2559),#2563);
#2559 = LINE('',#2560,#2561);
#2560 = CARTESIAN_POINT('',(0.,0.));
#2561 = VECTOR('',#2562,1.);
#2562 = DIRECTION('',(0.,-1.));
#2563 = ( GEOMETRIC_REPRESENTATION_CONTEXT(2) 
PARAMETRIC_REPRESENTATION_CONTEXT() REPRESENTATION_CONTEXT('2D SPACE',''
  ) );
#2564 = PCURVE('',#2565,#2570);
#2565 = PLANE('',#2566);
#2566 = AXIS2_PLACEMENT_3D('',#2567,#2568,#2569);
#2567 = CARTESIAN_POINT('',(-324.6,-324.6,-456.6));
#2568 = DIRECTION('',(0.,0.,1.));
#2569 = DIRECTION('',(1.,0.,0.));
#2570 = DEFINITIONAL_REPRESENTATION('',(#2571),#2575);
#2571 = LINE('',#2572,#2573);
#2572 = CARTESIAN_POINT('',(0.,0.));
#2573 = VECTOR('',#2574,1.);
#2574 = DIRECTION('',(0.,1.));
#2575 = ( GEOMETRIC_REPRESENTATION_CONTEXT(2) 
PARAMETRIC_REPRESENTATION_CONTEXT() REPRESENTATION_CONTEXT('2D SPACE',''
  ) );
#2576 = ORIENTED_EDGE('',*,*,#2577,.T.);
#2577 = EDGE_CURVE('',#2550,#2578,#2580,.T.);
#2578 = VERTEX_POINT('',#2579);
#2579 = CARTESIAN_POINT('',(-324.6,324.6,336.6));
#2580 = SURFACE_CURVE('',#2581,(#2585,#2592),.PCURVE_S1.);
#2581 = LINE('',#2582,#2583);
#2582 = CARTESIAN_POINT('',(-324.6,324.6,-456.6));
#2583 = VECTOR('',#2584,1.);
#2584 = DIRECTION('',(0.,0.,1.));
#2585 = PCURVE('',#2525,#2586);
#2586 = DEFINITIONAL_REPRESENTATION('',(#2587),#2591);
#2587 = LINE('',#2588,#2589);
#2588 = CARTESIAN_POINT('',(0.,-649.2));
#2589 = VECTOR('',#2590,1.);
#2590 = DIRECTION('',(1.,0.));
#2591 = ( GEOMETRIC_REPRESENTATION_CONTEXT(2) 
PARAMETRIC_REPRESENTATION_CONTEXT() REPRESENTATION_CONTEXT('2D SPACE',''
  ) );
#2592 = PCURVE('',#2593,#2598);
#2593 = PLANE('',#2594);
#2594 = AXIS2_PLACEMENT_3D('',#2595,#2596,#2597);
#2595 = CARTESIAN_POINT('',(-324.6,324.6,-456.6));
#2596 = DIRECTION('',(0.,1.,0.));
#2597 = DIRECTION('',(0.,0.,1.));
#2598 = DEFINITIONAL_REPRESENTATION('',(#2599),#2603);
#2599 = LINE('',#2600,#2601);
#2600 = CARTESIAN_POINT('',(0.,0.));
#2601 = VECTOR('',#2602,1.);
#2602 = DIRECTION('',(1.,0.));
#2603 = ( GEOMETRIC_REPRESENTATION_CONTEXT(2) 
PARAMETRIC_REPRESENTATION_CONTEXT() REPRESENTATION_CONTEXT('2D SPACE',''
  ) );
#2604 = ORIENTED_EDGE('',*,*,#2605,.F.);
#2605 = EDGE_CURVE('',#2517,#2578,#2606,.T.);
#2606 = SURFACE_CURVE('',#2607,(#2611,#2618),.PCURVE_S1.);
#2607 = LINE('',#2608,#2609);
#2608 = CARTESIAN_POINT('',(-324.6,-324.6,336.6));
#2609 = VECTOR('',#2610,1.);
#2610 = DIRECTION('',(0.,1.,0.));
#2611 = PCURVE('',#2525,#2612);
#2612 = DEFINITIONAL_REPRESENTATION('',(#2613),#2617);
#2613 = LINE('',#2614,#2615);
#2614 = CARTESIAN_POINT('',(793.2,0.));
#2615 = VECTOR('',#2616,1.);
#2616 = DIRECTION('',(0.,-1.));
#2617 = ( GEOMETRIC_REPRESENTATION_CONTEXT(2) 
PARAMETRIC_REPRESENTATION_CONTEXT() REPRESENTATION_CONTEXT('2D SPACE',''
  ) );
#2618 = PCURVE('',#2619,#2624);
#2619 = PLANE('',#2620);
#2620 = AXIS2_PLACEMENT_3D('',#2621,#2622,#2623);
#2621 = CARTESIAN_POINT('',(-324.6,-324.6,336.6));
#2622 = DIRECTION('',(0.,0.,1.));
#2623 = DIRECTION('',(1.,0.,0.));
#2624 = DEFINITIONAL_REPRESENTATION('',(#2625),#2629);
#2625 = LINE('',#2626,#2627);
#2626 = CARTESIAN_POINT('',(0.,0.));
#2627 = VECTOR('',#2628,1.);
#2628 = DIRECTION('',(0.,1.));
#2629 = ( GEOMETRIC_REPRESENTATION_CONTEXT(2) 
PARAMETRIC_REPRESENTATION_CONTEXT() REPRESENTATION_CONTEXT('2D SPACE',''
  ) );
#2630 = ADVANCED_FACE('',(#2631),#2537,.F.);
#2631 = FACE_BOUND('',#2632,.F.);
#2632 = EDGE_LOOP('',(#2633,#2656,#2657,#2680));
#2633 = ORIENTED_EDGE('',*,*,#2634,.F.);
#2634 = EDGE_CURVE('',#2515,#2635,#2637,.T.);
#2635 = VERTEX_POINT('',#2636);
#2636 = CARTESIAN_POINT('',(324.6,-324.6,-456.6));
#2637 = SURFACE_CURVE('',#2638,(#2642,#2649),.PCURVE_S1.);
#2638 = LINE('',#2639,#2640);
#2639 = CARTESIAN_POINT('',(-324.6,-324.6,-456.6));
#2640 = VECTOR('',#2641,1.);
#2641 = DIRECTION('',(1.,0.,0.));
#2642 = PCURVE('',#2537,#2643);
#2643 = DEFINITIONAL_REPRESENTATION('',(#2644),#2648);
#2644 = LINE('',#2645,#2646);
#2645 = CARTESIAN_POINT('',(0.,0.));
#2646 = VECTOR('',#2647,1.);
#2647 = DIRECTION('',(0.,1.));
#2648 = ( GEOMETRIC_REPRESENTATION_CONTEXT(2) 
PARAMETRIC_REPRESENTATION_CONTEXT() REPRESENTATION_CONTEXT('2D SPACE',''
  ) );
#2649 = PCURVE('',#2565,#2650);
#2650 = DEFINITIONAL_REPRESENTATION('',(#2651),#2655);
#2651 = LINE('',#2652,#2653);
#2652 = CARTESIAN_POINT('',(0.,0.));
#2653 = VECTOR('',#2654,1.);
#2654 = DIRECTION('',(1.,0.));
#2655 = ( GEOMETRIC_REPRESENTATION_CONTEXT(2) 
PARAMETRIC_REPRESENTATION_CONTEXT() REPRESENTATION_CONTEXT('2D SPACE',''
  ) );
#2656 = ORIENTED_EDGE('',*,*,#2514,.T.);
#2657 = ORIENTED_EDGE('',*,*,#2658,.T.);
#2658 = EDGE_CURVE('',#2517,#2659,#2661,.T.);
#2659 = VERTEX_POINT('',#2660);
#2660 = CARTESIAN_POINT('',(324.6,-324.6,336.6));
#2661 = SURFACE_CURVE('',#2662,(#2666,#2673),.PCURVE_S1.);
#2662 = LINE('',#2663,#2664);
#2663 = CARTESIAN_POINT('',(-324.6,-324.6,336.6));
#2664 = VECTOR('',#2665,1.);
#2665 = DIRECTION('',(1.,0.,0.));
#2666 = PCURVE('',#2537,#2667);
#2667 = DEFINITIONAL_REPRESENTATION('',(#2668),#2672);
#2668 = LINE('',#2669,#2670);
#2669 = CARTESIAN_POINT('',(793.2,0.));
#2670 = VECTOR('',#2671,1.);
#2671 = DIRECTION('',(0.,1.));
#2672 = ( GEOMETRIC_REPRESENTATION_CONTEXT(2) 
PARAMETRIC_REPRESENTATION_CONTEXT() REPRESENTATION_CONTEXT('2D SPACE',''
  ) );
#2673 = PCURVE('',#2619,#2674);
#2674 = DEFINITIONAL_REPRESENTATION('',(#2675),#2679);
#2675 = LINE('',#2676,#2677);
#2676 = CARTESIAN_POINT('',(0.,0.));
#2677 = VECTOR('',#2678,1.);
#2678 = DIRECTION('',(1.,0.));
#2679 = ( GEOMETRIC_REPRESENTATION_CONTEXT(2) 
PARAMETRIC_REPRESENTATION_CONTEXT() REPRESENTATION_CONTEXT('2D SPACE',''
  ) );
#2680 = ORIENTED_EDGE('',*,*,#2681,.F.);
#2681 = EDGE_CURVE('',#2635,#2659,#2682,.T.);
#2682 = SURFACE_CURVE('',#2683,(#2687,#2694),.PCURVE_S1.);
#2683 = LINE('',#2684,#2685);
#2684 = CARTESIAN_POINT('',(324.6,-324.6,-456.6));
#2685 = VECTOR('',#2686,1.);
#2686 = DIRECTION('',(0.,0.,1.));
#2687 = PCURVE('',#2537,#2688);
#2688 = DEFINITIONAL_REPRESENTATION('',(#2689),#2693);
#2689 = LINE('',#2690,#2691);
#2690 = CARTESIAN_POINT('',(0.,649.2));
#2691 = VECTOR('',#2692,1.);
#2692 = DIRECTION('',(1.,0.));
#2693 = ( GEOMETRIC_REPRESENTATION_CONTEXT(2) 
PARAMETRIC_REPRESENTATION_CONTEXT() REPRESENTATION_CONTEXT('2D SPACE',''
  ) );
#2694 = PCURVE('',#2695,#2700);
#2695 = PLANE('',#2696);
#2696 = AXIS2_PLACEMENT_3D('',#2697,#2698,#2699);
#2697 = CARTESIAN_POINT('',(324.6,-324.6,-456.6));
#2698 = DIRECTION('',(1.,0.,0.));
#2699 = DIRECTION('',(0.,0.,1.));
#2700 = DEFINITIONAL_REPRESENTATION('',(#2701),#2705);
#2701 = LINE('',#2702,#2703);
#2702 = CARTESIAN_POINT('',(0.,0.));
#2703 = VECTOR('',#2704,1.);
#2704 = DIRECTION('',(1.,0.));
#2705 = ( GEOMETRIC_REPRESENTATION_CONTEXT(2) 
PARAMETRIC_REPRESENTATION_CONTEXT() REPRESENTATION_CONTEXT('2D SPACE',''
  ) );
#2706 = ADVANCED_FACE('',(#2707,#2755),#2619,.T.);
#2707 = FACE_BOUND('',#2708,.T.);
#2708 = EDGE_LOOP('',(#2709,#2710,#2711,#2734));
#2709 = ORIENTED_EDGE('',*,*,#2605,.F.);
#2710 = ORIENTED_EDGE('',*,*,#2658,.T.);
#2711 = ORIENTED_EDGE('',*,*,#2712,.T.);
#2712 = EDGE_CURVE('',#2659,#2713,#2715,.T.);
#2713 = VERTEX_POINT('',#2714);
#2714 = CARTESIAN_POINT('',(324.6,324.6,336.6));
#2715 = SURFACE_CURVE('',#2716,(#2720,#2727),.PCURVE_S1.);
#2716 = LINE('',#2717,#2718);
#2717 = CARTESIAN_POINT('',(324.6,-324.6,336.6));
#2718 = VECTOR('',#2719,1.);
#2719 = DIRECTION('',(0.,1.,0.));
#2720 = PCURVE('',#2619,#2721);
#2721 = DEFINITIONAL_REPRESENTATION('',(#2722),#2726);
#2722 = LINE('',#2723,#2724);
#2723 = CARTESIAN_POINT('',(649.2,0.));
#2724 = VECTOR('',#2725,1.);
#2725 = DIRECTION('',(0.,1.));
#2726 = ( GEOMETRIC_REPRESENTATION_CONTEXT(2) 
PARAMETRIC_REPRESENTATION_CONTEXT() REPRESENTATION_CONTEXT('2D SPACE',''
  ) );
#2727 = PCURVE('',#2695,#2728);
#2728 = DEFINITIONAL_REPRESENTATION('',(#2729),#2733);
#2729 = LINE('',#2730,#2731);
#2730 = CARTESIAN_POINT('',(793.2,0.));
#2731 = VECTOR('',#2732,1.);
#2732 = DIRECTION('',(0.,-1.));
#2733 = ( GEOMETRIC_REPRESENTATION_CONTEXT(2) 
PARAMETRIC_REPRESENTATION_CONTEXT() REPRESENTATION_CONTEXT('2D SPACE',''
  ) );
#2734 = ORIENTED_EDGE('',*,*,#2735,.F.);
#2735 = EDGE_CURVE('',#2578,#2713,#2736,.T.);
#2736 = SURFACE_CURVE('',#2737,(#2741,#2748),.PCURVE_S1.);
#2737 = LINE('',#2738,#2739);
#2738 = CARTESIAN_POINT('',(-324.6,324.6,336.6));
#2739 = VECTOR('',#2740,1.);
#2740 = DIRECTION('',(1.,0.,0.));
#2741 = PCURVE('',#2619,#2742);
#2742 = DEFINITIONAL_REPRESENTATION('',(#2743),#2747);
#2743 = LINE('',#2744,#2745);
#2744 = CARTESIAN_POINT('',(0.,649.2));
#2745 = VECTOR('',#2746,1.);
#2746 = DIRECTION('',(1.,0.));
#2747 = ( GEOMETRIC_REPRESENTATION_CONTEXT(2) 
PARAMETRIC_REPRESENTATION_CONTEXT() REPRESENTATION_CONTEXT('2D SPACE',''
  ) );
#2748 = PCURVE('',#2593,#2749);
#2749 = DEFINITIONAL_REPRESENTATION('',(#2750),#2754);
#2750 = LINE('',#2751,#2752);
#2751 = CARTESIAN_POINT('',(793.2,0.));
#2752 = VECTOR('',#2753,1.);
#2753 = DIRECTION('',(0.,1.));
#2754 = ( GEOMETRIC_REPRESENTATION_CONTEXT(2) 
PARAMETRIC_REPRESENTATION_CONTEXT() REPRESENTATION_CONTEXT('2D SPACE',''
  ) );
#2755 = FACE_BOUND('',#2756,.T.);
#2756 = EDGE_LOOP('',(#2757,#2787,#2815,#2843));
#2757 = ORIENTED_EDGE('',*,*,#2758,.T.);
#2758 = EDGE_CURVE('',#2759,#2761,#2763,.T.);
#2759 = VERTEX_POINT('',#2760);
#2760 = CARTESIAN_POINT('',(275.1,-275.1,336.6));
#2761 = VERTEX_POINT('',#2762);
#2762 = CARTESIAN_POINT('',(-275.1,-275.1,336.6));
#2763 = SURFACE_CURVE('',#2764,(#2768,#2775),.PCURVE_S1.);
#2764 = LINE('',#2765,#2766);
#2765 = CARTESIAN_POINT('',(-299.85,-275.1,336.6));
#2766 = VECTOR('',#2767,1.);
#2767 = DIRECTION('',(-1.,0.,0.));
#2768 = PCURVE('',#2619,#2769);
#2769 = DEFINITIONAL_REPRESENTATION('',(#2770),#2774);
#2770 = LINE('',#2771,#2772);
#2771 = CARTESIAN_POINT('',(24.75,49.5));
#2772 = VECTOR('',#2773,1.);
#2773 = DIRECTION('',(-1.,0.));
#2774 = ( GEOMETRIC_REPRESENTATION_CONTEXT(2) 
PARAMETRIC_REPRESENTATION_CONTEXT() REPRESENTATION_CONTEXT('2D SPACE',''
  ) );
#2775 = PCURVE('',#2776,#2781);
#2776 = PLANE('',#2777);
#2777 = AXIS2_PLACEMENT_3D('',#2778,#2779,#2780);
#2778 = CARTESIAN_POINT('',(-275.1,-275.1,-407.1));
#2779 = DIRECTION('',(0.,1.,0.));
#2780 = DIRECTION('',(0.,0.,1.));
#2781 = DEFINITIONAL_REPRESENTATION('',(#2782),#2786);
#2782 = LINE('',#2783,#2784);
#2783 = CARTESIAN_POINT('',(743.7,-24.75));
#2784 = VECTOR('',#2785,1.);
#2785 = DIRECTION('',(0.,-1.));
#2786 = ( GEOMETRIC_REPRESENTATION_CONTEXT(2) 
PARAMETRIC_REPRESENTATION_CONTEXT() REPRESENTATION_CONTEXT('2D SPACE',''
  ) );
#2787 = ORIENTED_EDGE('',*,*,#2788,.T.);
#2788 = EDGE_CURVE('',#2761,#2789,#2791,.T.);
#2789 = VERTEX_POINT('',#2790);
#2790 = CARTESIAN_POINT('',(-275.1,275.1,336.6));
#2791 = SURFACE_CURVE('',#2792,(#2796,#2803),.PCURVE_S1.);
#2792 = LINE('',#2793,#2794);
#2793 = CARTESIAN_POINT('',(-275.1,-299.85,336.6));
#2794 = VECTOR('',#2795,1.);
#2795 = DIRECTION('',(0.,1.,0.));
#2796 = PCURVE('',#2619,#2797);
#2797 = DEFINITIONAL_REPRESENTATION('',(#2798),#2802);
#2798 = LINE('',#2799,#2800);
#2799 = CARTESIAN_POINT('',(49.5,24.75));
#2800 = VECTOR('',#2801,1.);
#2801 = DIRECTION('',(0.,1.));
#2802 = ( GEOMETRIC_REPRESENTATION_CONTEXT(2) 
PARAMETRIC_REPRESENTATION_CONTEXT() REPRESENTATION_CONTEXT('2D SPACE',''
  ) );
#2803 = PCURVE('',#2804,#2809);
#2804 = PLANE('',#2805);
#2805 = AXIS2_PLACEMENT_3D('',#2806,#2807,#2808);
#2806 = CARTESIAN_POINT('',(-275.1,-275.1,-407.1));
#2807 = DIRECTION('',(1.,0.,0.));
#2808 = DIRECTION('',(0.,0.,1.));
#2809 = DEFINITIONAL_REPRESENTATION('',(#2810),#2814);
#2810 = LINE('',#2811,#2812);
#2811 = CARTESIAN_POINT('',(743.7,24.75));
#2812 = VECTOR('',#2813,1.);
#2813 = DIRECTION('',(0.,-1.));
#2814 = ( GEOMETRIC_REPRESENTATION_CONTEXT(2) 
PARAMETRIC_REPRESENTATION_CONTEXT() REPRESENTATION_CONTEXT('2D SPACE',''
  ) );
#2815 = ORIENTED_EDGE('',*,*,#2816,.F.);
#2816 = EDGE_CURVE('',#2817,#2789,#2819,.T.);
#2817 = VERTEX_POINT('',#2818);
#2818 = CARTESIAN_POINT('',(275.1,275.1,336.6));
#2819 = SURFACE_CURVE('',#2820,(#2824,#2831),.PCURVE_S1.);
#2820 = LINE('',#2821,#2822);
#2821 = CARTESIAN_POINT('',(-299.85,275.1,336.6));
#2822 = VECTOR('',#2823,1.);
#2823 = DIRECTION('',(-1.,0.,0.));
#2824 = PCURVE('',#2619,#2825);
#2825 = DEFINITIONAL_REPRESENTATION('',(#2826),#2830);
#2826 = LINE('',#2827,#2828);
#2827 = CARTESIAN_POINT('',(24.75,599.7));
#2828 = VECTOR('',#2829,1.);
#2829 = DIRECTION('',(-1.,0.));
#2830 = ( GEOMETRIC_REPRESENTATION_CONTEXT(2) 
PARAMETRIC_REPRESENTATION_CONTEXT() REPRESENTATION_CONTEXT('2D SPACE',''
  ) );
#2831 = PCURVE('',#2832,#2837);
#2832 = PLANE('',#2833);
#2833 = AXIS2_PLACEMENT_3D('',#2834,#2835,#2836);
#2834 = CARTESIAN_POINT('',(-275.1,275.1,-407.1));
#2835 = DIRECTION('',(0.,1.,0.));
#2836 = DIRECTION('',(0.,0.,1.));
#2837 = DEFINITIONAL_REPRESENTATION('',(#2838),#2842);
#2838 = LINE('',#2839,#2840);
#2839 = CARTESIAN_POINT('',(743.7,-24.75));
#2840 = VECTOR('',#2841,1.);
#2841 = DIRECTION('',(0.,-1.));
#2842 = ( GEOMETRIC_REPRESENTATION_CONTEXT(2) 
PARAMETRIC_REPRESENTATION_CONTEXT() REPRESENTATION_CONTEXT('2D SPACE',''
  ) );
#2843 = ORIENTED_EDGE('',*,*,#2844,.F.);
#2844 = EDGE_CURVE('',#2759,#2817,#2845,.T.);
#2845 = SURFACE_CURVE('',#2846,(#2850,#2857),.PCURVE_S1.);
#2846 = LINE('',#2847,#2848);
#2847 = CARTESIAN_POINT('',(275.1,-299.85,336.6));
#2848 = VECTOR('',#2849,1.);
#2849 = DIRECTION('',(0.,1.,0.));
#2850 = PCURVE('',#2619,#2851);
#2851 = DEFINITIONAL_REPRESENTATION('',(#2852),#2856);
#2852 = LINE('',#2853,#2854);
#2853 = CARTESIAN_POINT('',(599.7,24.75));
#2854 = VECTOR('',#2855,1.);
#2855 = DIRECTION('',(0.,1.));
#2856 = ( GEOMETRIC_REPRESENTATION_CONTEXT(2) 
PARAMETRIC_REPRESENTATION_CONTEXT() REPRESENTATION_CONTEXT('2D SPACE',''
  ) );
#2857 = PCURVE('',#2858,#2863);
#2858 = PLANE('',#2859);
#2859 = AXIS2_PLACEMENT_3D('',#2860,#2861,#2862);
#2860 = CARTESIAN_POINT('',(275.1,-275.1,-407.1));
#2861 = DIRECTION('',(1.,0.,0.));
#2862 = DIRECTION('',(0.,0.,1.));
#2863 = DEFINITIONAL_REPRESENTATION('',(#2864),#2868);
#2864 = LINE('',#2865,#2866);
#2865 = CARTESIAN_POINT('',(743.7,24.75));
#2866 = VECTOR('',#2867,1.);
#2867 = DIRECTION('',(0.,-1.));
#2868 = ( GEOMETRIC_REPRESENTATION_CONTEXT(2) 
PARAMETRIC_REPRESENTATION_CONTEXT() REPRESENTATION_CONTEXT('2D SPACE',''
  ) );
#2869 = ADVANCED_FACE('',(#2870),#2593,.T.);
#2870 = FACE_BOUND('',#2871,.T.);
#2871 = EDGE_LOOP('',(#2872,#2895,#2896,#2897));
#2872 = ORIENTED_EDGE('',*,*,#2873,.F.);
#2873 = EDGE_CURVE('',#2550,#2874,#2876,.T.);
#2874 = VERTEX_POINT('',#2875);
#2875 = CARTESIAN_POINT('',(324.6,324.6,-456.6));
#2876 = SURFACE_CURVE('',#2877,(#2881,#2888),.PCURVE_S1.);
#2877 = LINE('',#2878,#2879);
#2878 = CARTESIAN_POINT('',(-324.6,324.6,-456.6));
#2879 = VECTOR('',#2880,1.);
#2880 = DIRECTION('',(1.,0.,0.));
#2881 = PCURVE('',#2593,#2882);
#2882 = DEFINITIONAL_REPRESENTATION('',(#2883),#2887);
#2883 = LINE('',#2884,#2885);
#2884 = CARTESIAN_POINT('',(0.,0.));
#2885 = VECTOR('',#2886,1.);
#2886 = DIRECTION('',(0.,1.));
#2887 = ( GEOMETRIC_REPRESENTATION_CONTEXT(2) 
PARAMETRIC_REPRESENTATION_CONTEXT() REPRESENTATION_CONTEXT('2D SPACE',''
  ) );
#2888 = PCURVE('',#2565,#2889);
#2889 = DEFINITIONAL_REPRESENTATION('',(#2890),#2894);
#2890 = LINE('',#2891,#2892);
#2891 = CARTESIAN_POINT('',(0.,649.2));
#2892 = VECTOR('',#2893,1.);
#2893 = DIRECTION('',(1.,0.));
#2894 = ( GEOMETRIC_REPRESENTATION_CONTEXT(2) 
PARAMETRIC_REPRESENTATION_CONTEXT() REPRESENTATION_CONTEXT('2D SPACE',''
  ) );
#2895 = ORIENTED_EDGE('',*,*,#2577,.T.);
#2896 = ORIENTED_EDGE('',*,*,#2735,.T.);
#2897 = ORIENTED_EDGE('',*,*,#2898,.F.);
#2898 = EDGE_CURVE('',#2874,#2713,#2899,.T.);
#2899 = SURFACE_CURVE('',#2900,(#2904,#2911),.PCURVE_S1.);
#2900 = LINE('',#2901,#2902);
#2901 = CARTESIAN_POINT('',(324.6,324.6,-456.6));
#2902 = VECTOR('',#2903,1.);
#2903 = DIRECTION('',(0.,0.,1.));
#2904 = PCURVE('',#2593,#2905);
#2905 = DEFINITIONAL_REPRESENTATION('',(#2906),#2910);
#2906 = LINE('',#2907,#2908);
#2907 = CARTESIAN_POINT('',(0.,649.2));
#2908 = VECTOR('',#2909,1.);
#2909 = DIRECTION('',(1.,0.));
#2910 = ( GEOMETRIC_REPRESENTATION_CONTEXT(2) 
PARAMETRIC_REPRESENTATION_CONTEXT() REPRESENTATION_CONTEXT('2D SPACE',''
  ) );
#2911 = PCURVE('',#2695,#2912);
#2912 = DEFINITIONAL_REPRESENTATION('',(#2913),#2917);
#2913 = LINE('',#2914,#2915);
#2914 = CARTESIAN_POINT('',(0.,-649.2));
#2915 = VECTOR('',#2916,1.);
#2916 = DIRECTION('',(1.,0.));
#2917 = ( GEOMETRIC_REPRESENTATION_CONTEXT(2) 
PARAMETRIC_REPRESENTATION_CONTEXT() REPRESENTATION_CONTEXT('2D SPACE',''
  ) );
#2918 = ADVANCED_FACE('',(#2919),#2565,.F.);
#2919 = FACE_BOUND('',#2920,.F.);
#2920 = EDGE_LOOP('',(#2921,#2922,#2923,#2944));
#2921 = ORIENTED_EDGE('',*,*,#2549,.F.);
#2922 = ORIENTED_EDGE('',*,*,#2634,.T.);
#2923 = ORIENTED_EDGE('',*,*,#2924,.T.);
#2924 = EDGE_CURVE('',#2635,#2874,#2925,.T.);
#2925 = SURFACE_CURVE('',#2926,(#2930,#2937),.PCURVE_S1.);
#2926 = LINE('',#2927,#2928);
#2927 = CARTESIAN_POINT('',(324.6,-324.6,-456.6));
#2928 = VECTOR('',#2929,1.);
#2929 = DIRECTION('',(0.,1.,0.));
#2930 = PCURVE('',#2565,#2931);
#2931 = DEFINITIONAL_REPRESENTATION('',(#2932),#2936);
#2932 = LINE('',#2933,#2934);
#2933 = CARTESIAN_POINT('',(649.2,0.));
#2934 = VECTOR('',#2935,1.);
#2935 = DIRECTION('',(0.,1.));
#2936 = ( GEOMETRIC_REPRESENTATION_CONTEXT(2) 
PARAMETRIC_REPRESENTATION_CONTEXT() REPRESENTATION_CONTEXT('2D SPACE',''
  ) );
#2937 = PCURVE('',#2695,#2938);
#2938 = DEFINITIONAL_REPRESENTATION('',(#2939),#2943);
#2939 = LINE('',#2940,#2941);
#2940 = CARTESIAN_POINT('',(0.,0.));
#2941 = VECTOR('',#2942,1.);
#2942 = DIRECTION('',(0.,-1.));
#2943 = ( GEOMETRIC_REPRESENTATION_CONTEXT(2) 
PARAMETRIC_REPRESENTATION_CONTEXT() REPRESENTATION_CONTEXT('2D SPACE',''
  ) );
#2944 = ORIENTED_EDGE('',*,*,#2873,.F.);
#2945 = ADVANCED_FACE('',(#2946),#2695,.T.);
#2946 = FACE_BOUND('',#2947,.T.);
#2947 = EDGE_LOOP('',(#2948,#2949,#2950,#2951));
#2948 = ORIENTED_EDGE('',*,*,#2681,.F.);
#2949 = ORIENTED_EDGE('',*,*,#2924,.T.);
#2950 = ORIENTED_EDGE('',*,*,#2898,.T.);
#2951 = ORIENTED_EDGE('',*,*,#2712,.F.);
#2952 = ADVANCED_FACE('',(#2953),#2776,.T.);
#2953 = FACE_BOUND('',#2954,.T.);
#2954 = EDGE_LOOP('',(#2955,#2978,#3006,#3027));
#2955 = ORIENTED_EDGE('',*,*,#2956,.F.);
#2956 = EDGE_CURVE('',#2957,#2759,#2959,.T.);
#2957 = VERTEX_POINT('',#2958);
#2958 = CARTESIAN_POINT('',(275.1,-275.1,-407.1));
#2959 = SURFACE_CURVE('',#2960,(#2964,#2971),.PCURVE_S1.);
#2960 = LINE('',#2961,#2962);
#2961 = CARTESIAN_POINT('',(275.1,-275.1,-407.1));
#2962 = VECTOR('',#2963,1.);
#2963 = DIRECTION('',(0.,0.,1.));
#2964 = PCURVE('',#2776,#2965);
#2965 = DEFINITIONAL_REPRESENTATION('',(#2966),#2970);
#2966 = LINE('',#2967,#2968);
#2967 = CARTESIAN_POINT('',(0.,550.2));
#2968 = VECTOR('',#2969,1.);
#2969 = DIRECTION('',(1.,0.));
#2970 = ( GEOMETRIC_REPRESENTATION_CONTEXT(2) 
PARAMETRIC_REPRESENTATION_CONTEXT() REPRESENTATION_CONTEXT('2D SPACE',''
  ) );
#2971 = PCURVE('',#2858,#2972);
#2972 = DEFINITIONAL_REPRESENTATION('',(#2973),#2977);
#2973 = LINE('',#2974,#2975);
#2974 = CARTESIAN_POINT('',(0.,0.));
#2975 = VECTOR('',#2976,1.);
#2976 = DIRECTION('',(1.,0.));
#2977 = ( GEOMETRIC_REPRESENTATION_CONTEXT(2) 
PARAMETRIC_REPRESENTATION_CONTEXT() REPRESENTATION_CONTEXT('2D SPACE',''
  ) );
#2978 = ORIENTED_EDGE('',*,*,#2979,.F.);
#2979 = EDGE_CURVE('',#2980,#2957,#2982,.T.);
#2980 = VERTEX_POINT('',#2981);
#2981 = CARTESIAN_POINT('',(-275.1,-275.1,-407.1));
#2982 = SURFACE_CURVE('',#2983,(#2987,#2994),.PCURVE_S1.);
#2983 = LINE('',#2984,#2985);
#2984 = CARTESIAN_POINT('',(-275.1,-275.1,-407.1));
#2985 = VECTOR('',#2986,1.);
#2986 = DIRECTION('',(1.,0.,0.));
#2987 = PCURVE('',#2776,#2988);
#2988 = DEFINITIONAL_REPRESENTATION('',(#2989),#2993);
#2989 = LINE('',#2990,#2991);
#2990 = CARTESIAN_POINT('',(0.,0.));
#2991 = VECTOR('',#2992,1.);
#2992 = DIRECTION('',(0.,1.));
#2993 = ( GEOMETRIC_REPRESENTATION_CONTEXT(2) 
PARAMETRIC_REPRESENTATION_CONTEXT() REPRESENTATION_CONTEXT('2D SPACE',''
  ) );
#2994 = PCURVE('',#2995,#3000);
#2995 = PLANE('',#2996);
#2996 = AXIS2_PLACEMENT_3D('',#2997,#2998,#2999);
#2997 = CARTESIAN_POINT('',(-275.1,-275.1,-407.1));
#2998 = DIRECTION('',(0.,0.,1.));
#2999 = DIRECTION('',(1.,0.,0.));
#3000 = DEFINITIONAL_REPRESENTATION('',(#3001),#3005);
#3001 = LINE('',#3002,#3003);
#3002 = CARTESIAN_POINT('',(0.,0.));
#3003 = VECTOR('',#3004,1.);
#3004 = DIRECTION('',(1.,0.));
#3005 = ( GEOMETRIC_REPRESENTATION_CONTEXT(2) 
PARAMETRIC_REPRESENTATION_CONTEXT() REPRESENTATION_CONTEXT('2D SPACE',''
  ) );
#3006 = ORIENTED_EDGE('',*,*,#3007,.T.);
#3007 = EDGE_CURVE('',#2980,#2761,#3008,.T.);
#3008 = SURFACE_CURVE('',#3009,(#3013,#3020),.PCURVE_S1.);
#3009 = LINE('',#3010,#3011);
#3010 = CARTESIAN_POINT('',(-275.1,-275.1,-407.1));
#3011 = VECTOR('',#3012,1.);
#3012 = DIRECTION('',(0.,0.,1.));
#3013 = PCURVE('',#2776,#3014);
#3014 = DEFINITIONAL_REPRESENTATION('',(#3015),#3019);
#3015 = LINE('',#3016,#3017);
#3016 = CARTESIAN_POINT('',(0.,0.));
#3017 = VECTOR('',#3018,1.);
#3018 = DIRECTION('',(1.,0.));
#3019 = ( GEOMETRIC_REPRESENTATION_CONTEXT(2) 
PARAMETRIC_REPRESENTATION_CONTEXT() REPRESENTATION_CONTEXT('2D SPACE',''
  ) );
#3020 = PCURVE('',#2804,#3021);
#3021 = DEFINITIONAL_REPRESENTATION('',(#3022),#3026);
#3022 = LINE('',#3023,#3024);
#3023 = CARTESIAN_POINT('',(0.,0.));
#3024 = VECTOR('',#3025,1.);
#3025 = DIRECTION('',(1.,0.));
#3026 = ( GEOMETRIC_REPRESENTATION_CONTEXT(2) 
PARAMETRIC_REPRESENTATION_CONTEXT() REPRESENTATION_CONTEXT('2D SPACE',''
  ) );
#3027 = ORIENTED_EDGE('',*,*,#2758,.F.);
#3028 = ADVANCED_FACE('',(#3029),#2858,.F.);
#3029 = FACE_BOUND('',#3030,.F.);
#3030 = EDGE_LOOP('',(#3031,#3032,#3055,#3076));
#3031 = ORIENTED_EDGE('',*,*,#2956,.F.);
#3032 = ORIENTED_EDGE('',*,*,#3033,.T.);
#3033 = EDGE_CURVE('',#2957,#3034,#3036,.T.);
#3034 = VERTEX_POINT('',#3035);
#3035 = CARTESIAN_POINT('',(275.1,275.1,-407.1));
#3036 = SURFACE_CURVE('',#3037,(#3041,#3048),.PCURVE_S1.);
#3037 = LINE('',#3038,#3039);
#3038 = CARTESIAN_POINT('',(275.1,-275.1,-407.1));
#3039 = VECTOR('',#3040,1.);
#3040 = DIRECTION('',(0.,1.,0.));
#3041 = PCURVE('',#2858,#3042);
#3042 = DEFINITIONAL_REPRESENTATION('',(#3043),#3047);
#3043 = LINE('',#3044,#3045);
#3044 = CARTESIAN_POINT('',(0.,0.));
#3045 = VECTOR('',#3046,1.);
#3046 = DIRECTION('',(0.,-1.));
#3047 = ( GEOMETRIC_REPRESENTATION_CONTEXT(2) 
PARAMETRIC_REPRESENTATION_CONTEXT() REPRESENTATION_CONTEXT('2D SPACE',''
  ) );
#3048 = PCURVE('',#2995,#3049);
#3049 = DEFINITIONAL_REPRESENTATION('',(#3050),#3054);
#3050 = LINE('',#3051,#3052);
#3051 = CARTESIAN_POINT('',(550.2,0.));
#3052 = VECTOR('',#3053,1.);
#3053 = DIRECTION('',(0.,1.));
#3054 = ( GEOMETRIC_REPRESENTATION_CONTEXT(2) 
PARAMETRIC_REPRESENTATION_CONTEXT() REPRESENTATION_CONTEXT('2D SPACE',''
  ) );
#3055 = ORIENTED_EDGE('',*,*,#3056,.F.);
#3056 = EDGE_CURVE('',#2817,#3034,#3057,.T.);
#3057 = SURFACE_CURVE('',#3058,(#3062,#3069),.PCURVE_S1.);
#3058 = LINE('',#3059,#3060);
#3059 = CARTESIAN_POINT('',(275.1,275.1,1.0793E+03));
#3060 = VECTOR('',#3061,1.);
#3061 = DIRECTION('',(0.,0.,-1.));
#3062 = PCURVE('',#2858,#3063);
#3063 = DEFINITIONAL_REPRESENTATION('',(#3064),#3068);
#3064 = LINE('',#3065,#3066);
#3065 = CARTESIAN_POINT('',(1.4864E+03,-550.2));
#3066 = VECTOR('',#3067,1.);
#3067 = DIRECTION('',(-1.,0.));
#3068 = ( GEOMETRIC_REPRESENTATION_CONTEXT(2) 
PARAMETRIC_REPRESENTATION_CONTEXT() REPRESENTATION_CONTEXT('2D SPACE',''
  ) );
#3069 = PCURVE('',#2832,#3070);
#3070 = DEFINITIONAL_REPRESENTATION('',(#3071),#3075);
#3071 = LINE('',#3072,#3073);
#3072 = CARTESIAN_POINT('',(1.4864E+03,550.2));
#3073 = VECTOR('',#3074,1.);
#3074 = DIRECTION('',(-1.,0.));
#3075 = ( GEOMETRIC_REPRESENTATION_CONTEXT(2) 
PARAMETRIC_REPRESENTATION_CONTEXT() REPRESENTATION_CONTEXT('2D SPACE',''
  ) );
#3076 = ORIENTED_EDGE('',*,*,#2844,.F.);
#3077 = ADVANCED_FACE('',(#3078),#2832,.F.);
#3078 = FACE_BOUND('',#3079,.F.);
#3079 = EDGE_LOOP('',(#3080,#3081,#3104,#3125));
#3080 = ORIENTED_EDGE('',*,*,#3056,.T.);
#3081 = ORIENTED_EDGE('',*,*,#3082,.F.);
#3082 = EDGE_CURVE('',#3083,#3034,#3085,.T.);
#3083 = VERTEX_POINT('',#3084);
#3084 = CARTESIAN_POINT('',(-275.1,275.1,-407.1));
#3085 = SURFACE_CURVE('',#3086,(#3090,#3097),.PCURVE_S1.);
#3086 = LINE('',#3087,#3088);
#3087 = CARTESIAN_POINT('',(-275.1,275.1,-407.1));
#3088 = VECTOR('',#3089,1.);
#3089 = DIRECTION('',(1.,0.,0.));
#3090 = PCURVE('',#2832,#3091);
#3091 = DEFINITIONAL_REPRESENTATION('',(#3092),#3096);
#3092 = LINE('',#3093,#3094);
#3093 = CARTESIAN_POINT('',(0.,0.));
#3094 = VECTOR('',#3095,1.);
#3095 = DIRECTION('',(0.,1.));
#3096 = ( GEOMETRIC_REPRESENTATION_CONTEXT(2) 
PARAMETRIC_REPRESENTATION_CONTEXT() REPRESENTATION_CONTEXT('2D SPACE',''
  ) );
#3097 = PCURVE('',#2995,#3098);
#3098 = DEFINITIONAL_REPRESENTATION('',(#3099),#3103);
#3099 = LINE('',#3100,#3101);
#3100 = CARTESIAN_POINT('',(0.,550.2));
#3101 = VECTOR('',#3102,1.);
#3102 = DIRECTION('',(1.,0.));
#3103 = ( GEOMETRIC_REPRESENTATION_CONTEXT(2) 
PARAMETRIC_REPRESENTATION_CONTEXT() REPRESENTATION_CONTEXT('2D SPACE',''
  ) );
#3104 = ORIENTED_EDGE('',*,*,#3105,.F.);
#3105 = EDGE_CURVE('',#2789,#3083,#3106,.T.);
#3106 = SURFACE_CURVE('',#3107,(#3111,#3118),.PCURVE_S1.);
#3107 = LINE('',#3108,#3109);
#3108 = CARTESIAN_POINT('',(-275.1,275.1,1.0793E+03));
#3109 = VECTOR('',#3110,1.);
#3110 = DIRECTION('',(0.,0.,-1.));
#3111 = PCURVE('',#2832,#3112);
#3112 = DEFINITIONAL_REPRESENTATION('',(#3113),#3117);
#3113 = LINE('',#3114,#3115);
#3114 = CARTESIAN_POINT('',(1.4864E+03,0.));
#3115 = VECTOR('',#3116,1.);
#3116 = DIRECTION('',(-1.,0.));
#3117 = ( GEOMETRIC_REPRESENTATION_CONTEXT(2) 
PARAMETRIC_REPRESENTATION_CONTEXT() REPRESENTATION_CONTEXT('2D SPACE',''
  ) );
#3118 = PCURVE('',#2804,#3119);
#3119 = DEFINITIONAL_REPRESENTATION('',(#3120),#3124);
#3120 = LINE('',#3121,#3122);
#3121 = CARTESIAN_POINT('',(1.4864E+03,-550.2));
#3122 = VECTOR('',#3123,1.);
#3123 = DIRECTION('',(-1.,0.));
#3124 = ( GEOMETRIC_REPRESENTATION_CONTEXT(2) 
PARAMETRIC_REPRESENTATION_CONTEXT() REPRESENTATION_CONTEXT('2D SPACE',''
  ) );
#3125 = ORIENTED_EDGE('',*,*,#2816,.F.);
#3126 = ADVANCED_FACE('',(#3127),#2804,.T.);
#3127 = FACE_BOUND('',#3128,.T.);
#3128 = EDGE_LOOP('',(#3129,#3130,#3151,#3152));
#3129 = ORIENTED_EDGE('',*,*,#3007,.F.);
#3130 = ORIENTED_EDGE('',*,*,#3131,.T.);
#3131 = EDGE_CURVE('',#2980,#3083,#3132,.T.);
#3132 = SURFACE_CURVE('',#3133,(#3137,#3144),.PCURVE_S1.);
#3133 = LINE('',#3134,#3135);
#3134 = CARTESIAN_POINT('',(-275.1,-275.1,-407.1));
#3135 = VECTOR('',#3136,1.);
#3136 = DIRECTION('',(0.,1.,0.));
#3137 = PCURVE('',#2804,#3138);
#3138 = DEFINITIONAL_REPRESENTATION('',(#3139),#3143);
#3139 = LINE('',#3140,#3141);
#3140 = CARTESIAN_POINT('',(0.,0.));
#3141 = VECTOR('',#3142,1.);
#3142 = DIRECTION('',(0.,-1.));
#3143 = ( GEOMETRIC_REPRESENTATION_CONTEXT(2) 
PARAMETRIC_REPRESENTATION_CONTEXT() REPRESENTATION_CONTEXT('2D SPACE',''
  ) );
#3144 = PCURVE('',#2995,#3145);
#3145 = DEFINITIONAL_REPRESENTATION('',(#3146),#3150);
#3146 = LINE('',#3147,#3148);
#3147 = CARTESIAN_POINT('',(0.,0.));
#3148 = VECTOR('',#3149,1.);
#3149 = DIRECTION('',(0.,1.));
#3150 = ( GEOMETRIC_REPRESENTATION_CONTEXT(2) 
PARAMETRIC_REPRESENTATION_CONTEXT() REPRESENTATION_CONTEXT('2D SPACE',''
  ) );
#3151 = ORIENTED_EDGE('',*,*,#3105,.F.);
#3152 = ORIENTED_EDGE('',*,*,#2788,.F.);
#3153 = ADVANCED_FACE('',(#3154),#2995,.T.);
#3154 = FACE_BOUND('',#3155,.T.);
#3155 = EDGE_LOOP('',(#3156,#3157,#3158,#3159));
#3156 = ORIENTED_EDGE('',*,*,#3131,.F.);
#3157 = ORIENTED_EDGE('',*,*,#2979,.T.);
#3158 = ORIENTED_EDGE('',*,*,#3033,.T.);
#3159 = ORIENTED_EDGE('',*,*,#3082,.F.);
#3160 = ( GEOMETRIC_REPRESENTATION_CONTEXT(3) 
GLOBAL_UNCERTAINTY_ASSIGNED_CONTEXT((#3164)) 
GLOBAL_UNIT_ASSIGNED_CONTEXT((#3161,#3162,#3163)) REPRESENTATION_CONTEXT
('Context #1','3D Context with UNIT and UNCERTAINTY') );
#3161 = ( LENGTH_UNIT() NAMED_UNIT(*) SI_UNIT(.MILLI.,.METRE.) );
#3162 = ( NAMED_UNIT(*) PLANE_ANGLE_UNIT() SI_UNIT($,.RADIAN.) );
#3163 = ( NAMED_UNIT(*) SI_UNIT($,.STERADIAN.) SOLID_ANGLE_UNIT() );
#3164 = UNCERTAINTY_MEASURE_WITH_UNIT(LENGTH_MEASURE(1.E-07),#3161,
  'distance_accuracy_value','confusion accuracy');
#3165 = CONTEXT_DEPENDENT_SHAPE_REPRESENTATION(#3166,#3168);
#3166 = ( REPRESENTATION_RELATIONSHIP('','',#2507,#10) 
REPRESENTATION_RELATIONSHIP_WITH_TRANSFORMATION(#3167) 
SHAPE_REPRESENTATION_RELATIONSHIP() );
#3167 = ITEM_DEFINED_TRANSFORMATION('','',#11,#51);
#3168 = PRODUCT_DEFINITION_SHAPE('Placement','Placement of an item',
  #3169);
#3169 = NEXT_ASSEMBLY_USAGE_OCCURRENCE('332','veto_5cm_5faces','',#5,
  #2502,$);
#3170 = PRODUCT_RELATED_PRODUCT_CATEGORY('part',$,(#2504));
#3171 = MECHANICAL_DESIGN_GEOMETRIC_PRESENTATION_REPRESENTATION('',(
    #3172),#589);
#3172 = STYLED_ITEM('color',(#3173),#491);
#3173 = PRESENTATION_STYLE_ASSIGNMENT((#3174));
#3174 = SURFACE_STYLE_USAGE(.BOTH.,#3175);
#3175 = SURFACE_SIDE_STYLE('',(#3176));
#3176 = SURFACE_STYLE_FILL_AREA(#3177);
#3177 = FILL_AREA_STYLE('',(#3178));
#3178 = FILL_AREA_STYLE_COLOUR('',#3179);
#3179 = COLOUR_RGB('',0.720000003324,0.740000011925,0.769999993182);
#3180 = MECHANICAL_DESIGN_GEOMETRIC_PRESENTATION_REPRESENTATION('',(
    #3181),#1147);
#3181 = STYLED_ITEM('color',(#3182),#1049);
#3182 = PRESENTATION_STYLE_ASSIGNMENT((#3183));
#3183 = SURFACE_STYLE_USAGE(.BOTH.,#3184);
#3184 = SURFACE_SIDE_STYLE('',(#3185));
#3185 = SURFACE_STYLE_FILL_AREA(#3186);
#3186 = FILL_AREA_STYLE('',(#3187));
#3187 = FILL_AREA_STYLE_COLOUR('',#3179);
#3188 = MECHANICAL_DESIGN_GEOMETRIC_PRESENTATION_REPRESENTATION('',(
    #3189),#1818);
#3189 = STYLED_ITEM('color',(#3190),#1166);
#3190 = PRESENTATION_STYLE_ASSIGNMENT((#3191));
#3191 = SURFACE_STYLE_USAGE(.BOTH.,#3192);
#3192 = SURFACE_SIDE_STYLE('',(#3193,#3197));
#3193 = SURFACE_STYLE_FILL_AREA(#3194);
#3194 = FILL_AREA_STYLE('',(#3195));
#3195 = FILL_AREA_STYLE_COLOUR('',#3196);
#3196 = COLOUR_RGB('',0.750000000934,0.879999997771,0.750000000934);
#3197 = SURFACE_STYLE_RENDERING_WITH_PROPERTIES(.NORMAL_SHADING.,#3196,(
    #3198));
#3198 = SURFACE_STYLE_TRANSPARENT(0.819999992847);
#3199 = MECHANICAL_DESIGN_GEOMETRIC_PRESENTATION_REPRESENTATION('',(
    #3200),#3160);
#3200 = STYLED_ITEM('color',(#3201),#2508);
#3201 = PRESENTATION_STYLE_ASSIGNMENT((#3202));
#3202 = SURFACE_STYLE_USAGE(.BOTH.,#3203);
#3203 = SURFACE_SIDE_STYLE('',(#3204,#3208));
#3204 = SURFACE_STYLE_FILL_AREA(#3205);
#3205 = FILL_AREA_STYLE('',(#3206));
#3206 = FILL_AREA_STYLE_COLOUR('',#3207);
#3207 = COLOUR_RGB('',0.55000000909,0.350000000377,0.750000000934);
#3208 = SURFACE_STYLE_RENDERING_WITH_PROPERTIES(.NORMAL_SHADING.,#3207,(
    #3209));
#3209 = SURFACE_STYLE_TRANSPARENT(0.780000001192);
#3210 = MECHANICAL_DESIGN_GEOMETRIC_PRESENTATION_REPRESENTATION('',(
    #3211),#261);
#3211 = STYLED_ITEM('color',(#3212),#69);
#3212 = PRESENTATION_STYLE_ASSIGNMENT((#3213));
#3213 = SURFACE_STYLE_USAGE(.BOTH.,#3214);
#3214 = SURFACE_SIDE_STYLE('',(#3215,#3219));
#3215 = SURFACE_STYLE_FILL_AREA(#3216);
#3216 = FILL_AREA_STYLE('',(#3217));
#3217 = FILL_AREA_STYLE_COLOUR('',#3218);
#3218 = COLOUR_RGB('',0.850000012718,0.920000012397,0.979999995588);
#3219 = SURFACE_STYLE_RENDERING_WITH_PROPERTIES(.NORMAL_SHADING.,#3218,(
    #3220));
#3220 = SURFACE_STYLE_TRANSPARENT(0.100000023842);
#3221 = MECHANICAL_DESIGN_GEOMETRIC_PRESENTATION_REPRESENTATION('',(
    #3222),#913);
#3222 = STYLED_ITEM('color',(#3223),#815);
#3223 = PRESENTATION_STYLE_ASSIGNMENT((#3224));
#3224 = SURFACE_STYLE_USAGE(.BOTH.,#3225);
#3225 = SURFACE_SIDE_STYLE('',(#3226,#3230));
#3226 = SURFACE_STYLE_FILL_AREA(#3227);
#3227 = FILL_AREA_STYLE('',(#3228));
#3228 = FILL_AREA_STYLE_COLOUR('',#3229);
#3229 = COLOUR_RGB('',0.350000000377,0.620000000292,0.950000001282);
#3230 = SURFACE_STYLE_RENDERING_WITH_PROPERTIES(.NORMAL_SHADING.,#3229,(
    #3231));
#3231 = SURFACE_STYLE_TRANSPARENT(0.65000000596);
#3232 = MECHANICAL_DESIGN_GEOMETRIC_PRESENTATION_REPRESENTATION('',(
    #3233),#796);
#3233 = STYLED_ITEM('color',(#3234),#608);
#3234 = PRESENTATION_STYLE_ASSIGNMENT((#3235));
#3235 = SURFACE_STYLE_USAGE(.BOTH.,#3236);
#3236 = SURFACE_SIDE_STYLE('',(#3237));
#3237 = SURFACE_STYLE_FILL_AREA(#3238);
#3238 = FILL_AREA_STYLE('',(#3239));
#3239 = FILL_AREA_STYLE_COLOUR('',#3179);
#3240 = MECHANICAL_DESIGN_GEOMETRIC_PRESENTATION_REPRESENTATION('',(
    #3241),#472);
#3241 = STYLED_ITEM('color',(#3242),#280);
#3242 = PRESENTATION_STYLE_ASSIGNMENT((#3243));
#3243 = SURFACE_STYLE_USAGE(.BOTH.,#3244);
#3244 = SURFACE_SIDE_STYLE('',(#3245));
#3245 = SURFACE_STYLE_FILL_AREA(#3246);
#3246 = FILL_AREA_STYLE('',(#3247));
#3247 = FILL_AREA_STYLE_COLOUR('',#3248);
#3248 = COLOUR_RGB('',0.800000010877,0.819999987296,0.850000012718);
#3249 = MECHANICAL_DESIGN_GEOMETRIC_PRESENTATION_REPRESENTATION('',(
    #3250),#1030);
#3250 = STYLED_ITEM('color',(#3251),#932);
#3251 = PRESENTATION_STYLE_ASSIGNMENT((#3252));
#3252 = SURFACE_STYLE_USAGE(.BOTH.,#3253);
#3253 = SURFACE_SIDE_STYLE('',(#3254));
#3254 = SURFACE_STYLE_FILL_AREA(#3255);
#3255 = FILL_AREA_STYLE('',(#3256));
#3256 = FILL_AREA_STYLE_COLOUR('',#3257);
#3257 = COLOUR_RGB('',0.500000003429,0.509999995177,0.539999996136);
#3258 = MECHANICAL_DESIGN_GEOMETRIC_PRESENTATION_REPRESENTATION('',(
    #3259),#2489);
#3259 = STYLED_ITEM('color',(#3260),#1837);
#3260 = PRESENTATION_STYLE_ASSIGNMENT((#3261));
#3261 = SURFACE_STYLE_USAGE(.BOTH.,#3262);
#3262 = SURFACE_SIDE_STYLE('',(#3263));
#3263 = SURFACE_STYLE_FILL_AREA(#3264);
#3264 = FILL_AREA_STYLE('',(#3265));
#3265 = FILL_AREA_STYLE_COLOUR('',#3266);
#3266 = COLOUR_RGB('',0.350000000377,0.369999997777,0.420000006308);
ENDSEC;
END-ISO-10303-21;
